Sort Within Category/Schema Location,Data Element XML Tag,Schema 3.0 File Name,Tables and Columns Foreign KEYS,WQX Table Name,WQX Field Name,WQX Mapping Comments,STORET Table Name,STORET Field Name,STORET Definition,STORET Mapping Comments,BIODATA EDSC Data Standard,BIODATA EDSC Data Element,BIODATA EDSC Definition,BIODATA EDSC Compliance
01.00.00 Header,OrganizationDescriptionText,,,,,,,,,,,,,
01.00.01,OrganizationIdentifier,WQX_OrganizationDescription_v3.0.xsd,WQX.ORGANIZATION.ORG_ID,ORGANIZATION,ORG_ID,,ORGANIZATION,ORG_ID,The user-defined code that uniquely identifies an Organization. Organization IDs are registered centrally with STORET so that they are guaranteed to be unique on the National level. They become part of the Oracle Key on every row in the STORET database that belongs to the Organization.,,Contact,OrganizationIdentifier,A designator used to uniquely identify a unique business establishment within a context.,Compliant
01.00.02,OrganizationFormalName,WQX_OrganizationDescription_v3.0.xsd,WQX.ORGANIZATION.ORG_NAME,ORGANIZATION,ORG_NAME,,ORGANIZATION,NAME,The formal full-length name of the Organization.,,Contact,OrganizationFormalName,The legal designator (i.e. formal name) of an organization.,Compliant
01.00.03,OrganizationDescriptionText,WQX_OrganizationDescription_v3.0.xsd,WQX.ORGANIZATION.ORG_DESC,ORGANIZATION,ORG_DESC,,ORGANIZATION,DESCRIPTION_TEXT,"The text describing details of the Organization that users may wish to provide. For example, this text may be used to describe the purpose, mission, or goals of the Organization.",,,,,Business Decision: No corresponding element found in EDSC standards.
01.00.04,TribalCode,WQX_OrganizationDescription_v3.0.xsd,WQX.TRIBE.TRB_CD (ORGANIZATION.TRB_UID),TRIBE,TRB_CD,,TSMORGAN,TYPE_CODE,The code that describes the type of Organization.,Not exact match,Tribal,TribalCode,The code that represents the American Indian tribe or Alaskan Native entity.,Compliant
01.01.00 Header,ElectronicAddress,,,,,,,,,,,,,
01.01.01,ElectronicAddressText,WQX_ElectronicAddress_v3.0.xsd,WQX.ORG_ELECTRONIC_ADDRESS.ORGEA_TEXT  (ORGANIZATION.ORG_UID),ORG_ELECTRONIC_ADDRESS,ORGEA_TEXT,,TSMEADDR,ADDRESS_TEXT,Text or codes which are used to specify an Electronic Address for an Organization or an individual.,,Contact,ElectronicAddressText,"A resource address, usually consisting of the access protocol, the domain name, and optionally, the path to a file or location.",Compliant
01.01.02,ElectronicAddressTypeName,WQX_ElectronicAddress_v3.0.xsd,WQX.ELECTRONIC_ADDRESS_TYPE.EATYP_NAME  (ORG_ELECTRONIC_ADDRESS.EATYP_UID),ELECTRONIC_ADDRESS_TYPE,EATYP_NAME,,TSMEADDR,TYPE_CODE,The code designating the type of Electronic Address.,,Contact,ElectronicAddressTypeName,The name that describes the electronic address type.,Compliant
01.02.00 Header,Telephonic,,,,,,,,,,,,,
01.02.01,TelephoneNumberText,WQX_Telephonic_v3.0.xsd,WQX.ORG_PHONE.ORGPH_NUM  (ORGANIZATION.ORG_UID),ORG_PHONE,ORGPH_NUM,,TSMEADDR,ADDRESS_TEXT,Text or codes which are used to specify an Electronic Address for an Organization or an individual.,,Contact,TelephoneNumberText,The number that identifies a particular telephone connection.,Compliant
01.02.02,TelephoneNumberTypeName,WQX_Telephonic_v3.0.xsd,WQX.PHONE_TYPE.PHTYP_NAME  (ORG_PHONE.PHTYP_UID),PHONE_TYPE,PHTYP_NAME,,TSMEADDR,TYPE_CODE,The code designating the type of Electronic Address.,,Contact,TelephoneNumberTypeName,The name that describes a telephone number type.,Compliant
01.02.03,TelephoneExtensionNumberText,WQX_Telephonic_v3.0.xsd,WQX.ORG_PHONE.ORGPH_EXT (ORGANIZATION.ORG_UID),ORG_PHONE,ORGPH_EXT,,No exact match found,,,,Contact,TelephoneExtensionNumberText,The number assigned within an organization to an individual telephone that extends the external telephone number.,Compliant
01.03.00 Header,OrganizationAddress,,,,,,,,,,,,,
01.03.01,AddressTypeName,WQX_OrganizationAddress_v3.0.xsd,WQX.ADDRESS_TYPE.ADDTYP_NAME  (ORG_ADDRESS.ADDTYP_UID),ADDRESS_TYPE,ADDTYP_NAME,,TSMADDR,TYPE_CODE,The code designating the type of Address.,,,,,Business Decision: No corresponding element found in EDSC standards.
01.03.02,AddressText,WQX_OrganizationAddress_v3.0.xsd,WQX.ORG_ADDRESS.ORGADD_ADDRESS,ORG_ADDRESS,ORGADD_ADDRESS,,TSMADDR,LINE_ONE_TEXT AND LINE_TWO_TEXT,"The first line of an Address which usually denotes the company or individual name.
AND
The second line of an Address usually denotes the mail routing code, p.o. box number, or suite but can also contain company name in addition.",Not exact match,Contact,MailingAddressText or LocationAddressText,"""The exact address where a mail piece is intended to be delivered, including urban-style street address, rural route, and PO Box""
or
""The address that describes the physical (geographic) location of the front door or main entrance of a facility site, including urban-style street address or rural address.""",Business Decision: WQX exchange did not want duplicate elements to track mailing and location addresses and thus combined them using an AddressType desgnator.
01.03.03,SupplementalAddressText,WQX_OrganizationAddress_v3.0.xsd,WQX.ORG_ADDRESS.ORGADD_ADDRESS_SUPPLEMENTAL,ORG_ADDRESS,ORGADD_ADDRESS_SUPPLEMENTAL,,TSMADDR,LINE_TWO_TEXT and LINE_THREE_TEXT,"The second line of an Address usually denotes the mail routing code, p.o. box number, or suite but can also contain company name in addition.
AND
The third line of an Address usually denotes the street address including street name and type, house/office number, or sector designation.",Not exact match,Contact,SupplementalAddressText or SupplementalLocationText,"The text that provides additional information about a place, including a building name with its secondary unit and number, an industrial park name, an installation name or descriptive text where no formal address is available.
Or
The text that provides additional information to facilitate the delivery of a mail piece, including building name, secondary units, and mail stop or local box numbers not serviced by the U.S. Postal Service.",Business Decision: WQX exchange did not want duplicate elements to track mailing and location addresses and thus combined them using an AddressType desgnator.
01.03.04,LocalityName,WQX_OrganizationAddress_v3.0.xsd,WQX.ORG_ADDRESS.ORGADD_LOCALITY_NAME,ORG_ADDRESS,ORGADD_LOCALITY_NAME,,TSMADDR,LINE_FOUR_TEXT,"The name of the city, state, and zip code in an Address.",Not exact match,Contact,MailingAddressCityName or LocalityName,"The name of the city, town, or village where the mail is delivered.
Or
The name of the city, town, village or other locality, when identifiable, within whose boundaries (the majority of) the facility site is located. This is not always the same as the city used for USPS mail delivery.",Business Decision: WQX exchange did not want duplicate elements to track mailing and location addresses and thus combined them using an AddressType desgnator.
01.03.05,StateCode,WQX_OrganizationAddress_v3.0.xsd,WQX.STATE.ST_CD (ORG_ADDRESS.ST_UID),STATE,ST_CD,,TSMADDR,LINE_FOUR_TEXT,"The name of the city, state, and zip code in an Address.",Not exact match,Contact,MailingAddressStateCode or LocationAddressStateCode,"A code designator used to identify a principal administrative subdivision of the United States, Canada, or Mexico.",Business Decision: WQX exchange did not want duplicate elements to track mailing and location addresses and thus combined them using an AddressType desgnator.
01.03.06,PostalCode,WQX_OrganizationAddress_v3.0.xsd,WQX.ORG_ADDRESS.ADD_POSTAL_CD,ORG_ADDRESS,ADD_POSTAL_CD,,TSMADDR,LINE_FOUR_TEXT,"The name of the city, state, and zip code in an Address.",Not exact match,Contact,MailingAddressPostalCode or LocationAddressPostalCode,"The combination of the 5-digit Zone Improvement Plan (ZIP) code and the four-digit extension code (if available) that represents the geographic segment that is a subunit of the ZIP Code, assigned by the U.S. Postal Service to a geographic location to facilitate mail delivery; or the postal zone specific to the country, other than the U.S., where the mail is delivered.",Business Decision: WQX exchange did not want duplicate elements to track mailing and location addresses and thus combined them using an AddressType desgnator.
01.03.07,CountryCode,WQX_OrganizationAddress_v3.0.xsd,WQX.COUNTRY.CNTRY_CD (ORG_ADDRESS.CNTRY_UID),COUNTRY,CNTRY_CD,,TSMADDR,COUNTRY_CODE,The code for the country in an Address.,,Contact,MailingAddressCountryCode or LocationAddressCountryCode,A code designator used to identify a primary geopolitical unit of the world.,Business Decision: WQX exchange did not want duplicate elements to track mailing and location addresses and thus combined them using an AddressType desgnator.
01.03.08,CountyCode,WQX_OrganizationAddress_v3.0.xsd,WQX.COUNTY.CNTY_CD (ORG_ADDRESS.CNTY_UID),COUNTY,CNTY_CD,,No exact match found,,,,Contact,LocationAddressCountyCode,A code designator used to identify a U.S. county or county equivalent.,Business Decision: WQX exchange did not want duplicate elements to track mailing and location addresses and thus combined them using an AddressType desgnator.
02.00.00 Header,Project,,,,,,,,,,,,,
02.00.01,ProjectIdentifier,WQX_Project_v3.0.xsd,WQX.PROJECT.PRJ_ID,PROJECT,PRJ_ID,,TSMPROJ,IDENTIFICATION_CD,The code (combination of text or numbers) used by the owning Organization to uniquely identify the Project or Survey,,ESAR,Project Identifier,A designator used to uniquely identify the project to organizations sharing data.,Compliant
02.00.02,ProjectName,WQX_Project_v3.0.xsd,WQX.PROJECT.PRJ_NAME,PROJECT,PRJ_NAME,,TSMPROJ,NAME,The name assigned by the owning Organization to the Project or Survey.,,ESAR,Project Name,The name assigned to the Project by the project leader or principal investigator.,Compliant
02.00.03,ProjectDescriptionText,WQX_Project_v3.0.xsd,WQX.PROJECT.PRJ_DESC,PROJECT,PRJ_DESC,,TSMGNTXT,DESCRIPTION_TEXT,The specific text to be linked to the given table and field.,,ESAR,"ProjectPurposeText
OR 
ProjectObjectiveText 
OR
ProjectOutcomeDescription","A summary description of the
purpose of, or the hypothesis to be
tested by the project.
OR     
Summary of the objectives to be accomplished by the project.
OR 
A brief summary of the results of
the project.",Business Decision: Data standard breaks out to further detail than desired for WQX sharing.
02.00.04,SamplingDesignTypeCode,WQX_Project_v3.0.xsd,WQX.SAMPLING_DESIGN_TYPE.SDTYP_CD   (PROJECT.SDTYP_UID),SAMPLING_DESIGN_TYPE,SDTYP_CD,,,,,,,,,
02.00.05,QAPPApprovedIndicator,WQX_Project_v3.0.xsd,WQX.PROJECT.PRJ_QAPP_APPROVED_YN,PROJECT,PRJ_QAPP_APPROVED_YN,,,,,,,,,
02.00.06,QAPPApprovalAgencyName,WQX_Project_v3.0.xsd,WQX.PROJECT.PRJ_QAPP_APPROVAL_AGENCY_NAME,PROJECT,PRJ_QAPP_APPROVAL_AGENCY_NAME,,,,,,,,,
02.01.00 Header,ProjectAttachedBinaryObject,,"WQX.ATTACHED_OBJECT (REF_UID=prj_uid,TBL_UID=1)",,,,,,,,,,,
02.01.01,BinaryObjectFileName,WQX_AttachedBinaryObject_v3.0.xsd,WQX.ATTACHED_OBJECT.ATOBJ_FILE_NAME,ATTACHED_OBJECT,ATOBJ_FILE_NAME,,TSMPROJ,BLOB_TITLE,User-defined Title of the BLOB Content.,,ESAR - Binary,    BinaryObjectFileName,"The text describing the descriptive name used to represent the file, including file extension.",Compliant
02.01.02,BinaryObjectFileTypeCode,WQX_AttachedBinaryObject_v3.0.xsd,WQX.ATTACHED_OBJECT.ATOBJ_TYPE,ATTACHED_OBJECT,ATOBJ_TYPE,,TSMPROJ,BLOB_TYPE,"File types permitted for BLOB content. BLOBs (Binary Large Objects) are typically entire files whos content extends and further defines the Project. A single BLOB of type PDF might contain the complete project design specification as published by the project
manager.",,ESAR - Binary,    BinaryObjectFileType,The text or acronym describing the binary content type of a file.,Compliant
02.02.00 Header  ,ProjectMonitoringLocationWeighting,,,,,,,,,,,,,
02.02.01,MonitoringLocationIdentifier,WQX_ProjectMonitoringLocationWeighting_v3.0.xsd,WQX.MONITORING_LOCATION.MLOC_ID (MONITORING_LOCATION_WEIGHT.MLOC_UID),MONITORING_LOCATION,MLOC_ID,,,,,,,,,
02.02.02 Header,LocationWeightingFactorMeasure,,,,,,,,,,,,,
02.02.02.01,MeasureValue,WQX_MeasureCompact_v3.0.xsd,WQX.MONITORING_LOCATION_WEIGHT.MLWT_WEIGHTING_FACTOR,MONITORING_LOCATION_WEIGHT,MLWT_WEIGHTING_FACTOR,,,,,,,,,
02.02.02.02,MeasureUnitCode,WQX_MeasureCompact_v3.0.xsd,WQX.MEASUREMENT_UNIT.MSUNT_CD (MONITORING_LOCATION_WEIGHT.MSUNT_UID),MEASUREMENT_UNIT,MSUNT_CD,,,,,,,,,
02.02.03,StatisticalStratumText,WQX_ProjectMonitoringLocationWeighting_v3.0.xsd,WQX.MONITORING_LOCATION_WEIGHT.MLWT_STRATUM,MONITORING_LOCATION_WEIGHT,MLWT_STRATUM,,,,,,,,,
02.02.04,LocationCategoryName,WQX_ProjectMonitoringLocationWeighting_v3.0.xsd,WQX.MONITORING_LOCATION_WEIGHT.MLWT_CATEGORY,MONITORING_LOCATION_WEIGHT,MLWT_CATEGORY,,,,,,,,,
02.02.05,LocationStatusName,WQX_ProjectMonitoringLocationWeighting_v3.0.xsd,WQX.MONITORING_LOCATION_WEIGHT.MLWT_STATUS,MONITORING_LOCATION_WEIGHT,MLWT_STATUS,,,,,,,,,
02.02.06,ReferenceLocationTypeCode,WQX_ProjectMonitoringLocationWeighting_v3.0.xsd,WQX.REFERENCE_LOCATION_TYPE.RLTYP_CD  (MONITORING_LOCATION_WEIGHT.RLTYP_UID),REFERENCE_LOCATION_TYPE,RLTYP_CD,,,,,,,,,
02.02.07,ReferenceLocationStartDate,WQX_ProjectMonitoringLocationWeighting_v3.0.xsd,WQX.MONITORING_LOCATION_WEIGHT.MLWT_REF_LOC_START_DATE,MONITORING_LOCATION_WEIGHT,MLWT_REF_LOC_START_DATE,,,,,,,,,
02.02.08,ReferenceLocationEndDate,WQX_ProjectMonitoringLocationWeighting_v3.0.xsd,WQX.MONITORING_LOCATION_WEIGHT.MLWT_REF_LOC_END_DATE,MONITORING_LOCATION_WEIGHT,MLWT_REF_LOC_END_DATE,,,,,,,,,
02.02.09 Header,ReferenceLocationCitation,,,,,,,,,,,,,
02.02.09.01,ResourceTitleName,WQX_BibliographicReference_v3.0.xsd,WQX.CITATION.CITATN_TITLE (MONITORING_LOCATION_WEIGHT.CITATN_UID),CITATION,CITATN_TITLE,,,,,,,,,
02.02.09.02,ResourceCreatorName,WQX_BibliographicReference_v3.0.xsd,WQX.CITATION.CITATN_CREATOR (MONITORING_LOCATION_WEIGHT.CITATN_UID),CITATION,CITATN_CREATOR,,,,,,,,,
02.02.09.03,ResourceSubjectText,WQX_BibliographicReference_v3.0.xsd,WQX.CITATION.CITATN_SUBJECT (MONITORING_LOCATION_WEIGHT.CITATN_UID),CITATION,CITATN_SUBJECT,,,,,,,,,
02.02.09.04,ResourcePublisherName,WQX_BibliographicReference_v3.0.xsd,WQX.CITATION.CITATN_PUBLISHER (MONITORING_LOCATION_WEIGHT.CITATN_UID),CITATION,CITATN_PUBLISHER,,,,,,,,,
02.02.09.05,ResourceDate,WQX_BibliographicReference_v3.0.xsd,WQX.CITATION.CITATN_DATE (MONITORING_LOCATION_WEIGHT.CITATN_UID),CITATION,CITATN_DATE,,,,,,,,,
02.02.09.06,ResourceIdentifier,WQX_BibliographicReference_v3.0.xsd,WQX.CITATION.CITATN_ID (MONITORING_LOCATION_WEIGHT.CITATN_UID),CITATION,CITATN_ID,,,,,,,,,
02.02.10,CommentText,WQX_ProjectMonitoringLocationWeighting_v3.0.xsd,WQX.MONITORING_LOCATION_WEIGHT.MLWT_COMMENT,MONITORING_LOCATION_WEIGHT,MLWT_COMMENT,,,,,,,,,
03.00.00 Header,MonitoringLocationIdentity,,,,,,,,,,,,,
03.00.01,MonitoringLocationIdentifier,WQX_MonitoringLocationIdentity_v3.0.xsd,WQX.MONITORING_LOCATION.MLOC_ID,MONITORING_LOCATION,MLOC_ID,,TSMSTATN,IDENTIFICATION_CD,The alpha-numeric code assigned by the owning Organization which uniquely identifies the Station within the Organization.,,ESAR,Monitoring Location Identifier,A designator used to uniquely identify the Monitoring Location.,Compliant
03.00.02,MonitoringLocationName,WQX_MonitoringLocationIdentity_v3.0.xsd,WQX.MONITORING_LOCATION.MLOC_NAME,MONITORING_LOCATION,MLOC_NAME,,TSMSTATN,NAME,The name by which an Organization refers to a Station.,,ESAR,MonitoringLocationName,The designator specified by the sampling organization for the site at which sampling or other activities are conducted.,Compliant
03.00.03,MonitoringLocationTypeName,WQX_MonitoringLocationIdentity_v3.0.xsd,WQX.MONITORING_LOCATION_TYPE.MLTYP_NAME  (MONITORING_LOCATION.MLTYP_UID),MONITORING_LOCATION_TYPE,MLTYP_NAME,,TSMSTATN ,TSMVSTC_IS_NUMBER,"Primary / Secondary Station Combination…
The foreign key to TSMVSTC implements ""One Valid Station Type Code Combination may be assigned to many Stations.""",No exact match found (Original mapping by Lee),ESAR,MonitoringLocationTypeName,The descriptive name for a type of monitoring location.,Compliant
03.00.04,MonitoringLocationDescriptionText,WQX_MonitoringLocationIdentity_v3.0.xsd,WQX.MONITORING_LOCATION.MLOC_DESC,MONITORING_LOCATION,MLOC_DESC,,TSMSTATN,DESCRIPTION_TEXT,The Organization user-defined description of a Station. May include distance to left shore or right shore to the Station.,,ESAR,MonitoringLocationDescriptionText,Text description of the location of the monitoring location.,Compliant (uses EN Shared Schema Component definition)
03.00.05,HUCEightDigitCode,WQX_MonitoringLocationIdentity_v3.0.xsd,WQX.MONITORING_LOCATION.MLOC_HUC_8,MONITORING_LOCATION,MLOC_HUC_8,,,,,,,,,Business Decision: No corresponding element found in EDSC standards.
03.00.06,HUCTwelveDigitCode,WQX_MonitoringLocationIdentity_v3.0.xsd,WQX.MONITORING_LOCATION.MLOC_HUC_12,MONITORING_LOCATION,MLOC_HUC_12,,,,,,,,,Business Decision: No corresponding element found in EDSC standards.
03.00.07,TribalLandIndicator,WQX_MonitoringLocationIdentity_v3.0.xsd,WQX.MONITORING_LOCATION.MLOC_TRIBAL_LAND_YN,MONITORING_LOCATION,MLOC_TRIBAL_LAND_YN,,,,,,Contact,TribalLandIndicator,An indicator denoting whether the location is on a tribal land.,Compliant
03.00.08,TribalLandName,WQX_MonitoringLocationIdentity_v3.0.xsd,WQX.MONITORING_LOCATION.MLOC_TRIBAL_LAND_NAME,MONITORING_LOCATION,MLOC_TRIBAL_LAND_NAME,,,,,,Contact,TribalLandName,The name of an American Indian or Alaskan native area where the location exists.,Compliant
03.00.09 Header,AlternateMonitoringLocationIdentity,,,,,,,,,,,,,
03.00.09.01,MonitoringLocationIdentifier,WQX_AlternateMonitoringLocationIdentity_v3.0.xsd,WQX.MONITORING_LOCATION_ALTERNATE.MLALT_ID (MONITORING_LOCATION.MLOC_UID),MONITORING_LOCATION_ALTERNATE,MLALT_ID,,TSMERS,NAME,The name of the external reference scheme in which the Station participates. ,,ESAR,Monitoring Location Identifier,A designator used to uniquely identify the Monitoring Location.,Compliant
03.00.09.02,MonitoringLocationIdentifierContext,WQX_AlternateMonitoringLocationIdentity_v3.0.xsd,WQX.MONITORING_LOCATION_ALTERNATE.MLALT_CONTEXT (MONITORING_LOCATION.MLOC_UID),MONITORING_LOCATION_ALTERNATE,MLALT_CONTEXT,,TSMERS,ACRONYM,"The abbreviation or acronym by which this scheme is commonly known. For example, if the reference is to the National Pollution Discharge Elimination System the acronym is NPDES. ",,ESAR,Monitoring Location Identifier Context,,Compliant
03.00.10,DrainageAreaMeasure,WQX_MonitoringLocationIdentity_v3.0.xsd,,,,,,,,,,,,
03.00.10.01,MeasureValue,WQX_MeasureCompact_v3.0.xsd,WQX.MONITORING_LOCATION.MLOC_DRAINAGE_AREA,MONITORING_LOCATION,MLOC_DRAINAGE_AREA,,,,,,,,,
03.00.10.02,MeasureUnitCode,WQX_MeasureCompact_v3.0.xsd,WQX.MEASUREMENT_UNIT.MSUNT_CD (MONITORING_LOCATION.MSUNT_UID_DRAINAGE_AREA),MEASUREMENT_UNIT,MSUNT_CD,,,,,,,,,
03.00.11,ContributingDrainageAreaMeasure,WQX_MonitoringLocationIdentity_v3.0.xsd,,,,,,,,,,,,
03.00.11.01,MeasureValue,WQX_MeasureCompact_v3.0.xsd,WQX.MONITORING_LOCATION.MLOC_CONTRIB_DRAINAGE_AREA,MONITORING_LOCATION,MLOC_CONTRIB_DRAINAGE_AREA,,,,,,,,,
03.00.11.02,MeasureUnitCode,WQX_MeasureCompact_v3.0.xsd,WQX.MEASUREMENT_UNIT.MSUNT_CD (MONITORING_LOCATION.MSUNT_UID_CONTRB_DRAINAGE_AREA),MEASUREMENT_UNIT,MSUNT_CD,,,,,,,,,
03.01.00 Header,MonitoringLocationGeospatial,,,,,,,,,,,,,
03.01.01,LatitudeMeasure,WQX_MonitoringLocationGeospatial_v3.0.xsd,WQX.MONITORING_LOCATION.MLOC_LATITUDE,MONITORING_LOCATION,MLOC_LATITUDE,,TSMALP,LAT_DEC_DEG_MSR,"The measure of latitude in decimal degrees (- 90.0 to 90.0), indicating angular distance North or South of the equator.","other alternative fields (LAT_DEGREE_MSR, GPS_LAT_DEGREE_MSR exist)",Lat/Long,LatitudeMeasure,The measure of the angular distance on a meridian north or south of the equator.,Compliant
03.01.02,LongitudeMeasure,WQX_MonitoringLocationGeospatial_v3.0.xsd,WQX.MONITORING_LOCATION.MLOC_LONGITUDE,MONITORING_LOCATION,MLOC_LONGITUDE,,TSMALP,LONG_DEC_DEG_MSR,The measure of longitude in decimal degrees (- 180.0 to 180.0) indicating angular distance west or east of the prime meridian.,other alternative fields (GPS_LONG_DEGREE_MSR exist),Lat/Long,LongitudeMeasure,The measure of the angular distance on a meridian east or west of the prime meridian.,Compliant
03.01.03,SourceMapScale,WQX_MonitoringLocationGeospatial_v3.0.xsd,WQX.MONITORING_LOCATION.MLOC_SOURCE_MAP_SCALE,MONITORING_LOCATION,MLOC_SOURCE_MAP_SCALE,,TSMALP,GEOPSTNG_SCALE_TXT,"The text that describes the Geopositioning Scale of a map. Example: 1:1000. NOTE: When GEOPOSITIONING METHOD = 'MAP' this attribute is mandatory, and the map scale (in part) determines the expected accuracy of the latitude/longitude.",,Lat/Long,SourceMapScale,The number that represents the proportional distance on the ground for one unit of measure on the map or photo.,Compliant
03.01.04 Header,HorizontalAccuracyMeasure,WQX_MonitoringLocationGeospatial_v3.0.xsd,,,,,,,,,Lat/Long,HorizontalAccuracyMeasure,"The horizontal measure, in meters, of the relative accuracy of the latitude and longitude coordinates",Compliant
03.01.04.01,MeasureValue,WQX_MeasureCompact_v3.0.xsd,WQX.MONITORING_LOCATION.MLOC_HORIZONTAL_ACCURACY,MONITORING_LOCATION,MLOC_HORIZONTAL_ACCURACY,,,,,,Measure,HorizontalAccuracyMeasure / MeasureValue,"The recorded dimension, capacity, quality, or amount of something ascertained by measuring or observing.",Compliant
03.01.04.02,MeasureUnitCode,WQX_MeasureCompact_v3.0.xsd,WQX.MEASUREMENT_UNIT.MSUNT_CD (MONITORING_LOCATION.MSUNT_UID_HORIZONTAL_ACCURACY),MEASUREMENT_UNIT,MSUNT_CD,,,,,,Measure,HorizontalAccuracyMeasure / MeasureUnitCode,The code that represents the unit for measuring the item.,Compliant
03.01.05 Header,VerticalAccuracyMeasure,WQX_MonitoringLocationGeospatial_v3.0.xsd,,,,,,,,,,,,
03.01.05.01,MeasureValue,WQX_MeasureCompact_v3.0.xsd,WQX.MONITORING_LOCATION.MLOC_VERTICAL_ACCURACY,MONITORING_LOCATION,MLOC_VERTICAL_ACCURACY,,,,,,,,,
03.01.05.02,MeasureUnitCode,WQX_MeasureCompact_v3.0.xsd,WQX.MEASUREMENT_UNIT.MSUNT_CD (MONITORING_LOCATION.MSUNT_UID_VERTICAL_ACCURACY),MEASUREMENT_UNIT,MSUNT_CD,,,,,,,,,
03.01.06,HorizontalCollectionMethodName,WQX_MonitoringLocationGeospatial_v3.0.xsd,WQX.HORIZONTAL_COLLECTION_METHOD.HCMTH_NAME (MONITORING_LOCATION.HCMTH_UID),HORIZONTAL_COLLECTION_METHOD,HCMTH_NAME,,TSMALP,GEOPSTNG_METHOD_CD,The code that represents the method used to determine geographic coordinates of a locational point.,,Lat/Long,HorizontalCollectionMethodName,The name that identifies the method used to determine the latitude and longitude coordinates for a point on the earth.,Compliant
03.01.07,HorizontalCoordinateReferenceSystemDatumName,WQX_MonitoringLocationGeospatial_v3.0.xsd,WQX.HORIZONTAL_COLLECTION_METHOD.HRDAT_NAME (MONITORING_LOCATION.HRDAT_UID),HORIZONTAL_COLLECTION_METHOD,HRDAT_NAME,,TSMALP,GEOPSTNG_DATUM_CD,The code that represents an acknowledged standard reference scheme of known coordinates from which calculations or measurements may be taken.,,Lat/Long,HorizontalCoordinateReferenceSystemDatumName,The name that describes the reference datum used in determining latitude and longitude coordinates.,Compliant
03.01.08,VerticalMeasure,,,,,,,,,,,,,
03.01.08.01,MeasureValue,WQX_MeasureCompact_v3.0.xsd,WQX.MONITORING_LOCATION.MLOC_VERTICAL_MEASURE,MONITORING_LOCATION,MLOC_VERTICAL_MEASURE,,TSMALP,ELEVATION_MSR,The measure in feet or meters from the reference datum to the point of interest.,,Lat/Long,VerticalMeasure / MeasureValue,"The recorded dimension, capacity, quality, or amount of something ascertained by measuring or observing.",Compliant
03.01.08.02,MeasureUnitCode,WQX_MeasureCompact_v3.0.xsd,WQX.MEASUREMENT_UNIT.MSUNT_CD (MONITORING_LOCATION.MSUNT_UID_VERTICAL_MEASURE),MEASUREMENT_UNIT,MSUNT_CD,,TSMALP,ELVTN_UNT_CD,The code that represents the name of the units associated with the ground elevation of a locational point on the earth's surface.,,Measure,VerticalMeasure / MeasureUnitCode,The code that represents the unit for measuring the item.,Compliant
03.01.09,VerticalCollectionMethodName,WQX_MonitoringLocationGeospatial_v3.0.xsd,WQX.VERTICAL_COLLECTION_METHOD.VCMTH_NAME (MONITORING_LOCATION.VCMTH_UID),VERTICAL_COLLECTION_METHOD,VCMTH_NAME,,TSMALP,ELVTN_METHOD_CD,The code that represents the method used to determine elevation of a point of interest.,,Lat/Long,VerticalCollectionMethodName,The name that identifies the method used to collect the vertical measure (i.e. the altitude) of a reference point.,Compliant
03.01.10,VerticalCoordinateReferenceSystemDatumName,WQX_MonitoringLocationGeospatial_v3.0.xsd,WQX.VERTICAL_REFERENCE_DATUM.VRDAT_NAME (MONITORING_LOCATION.VRDAT_UID),VERTICAL_REFERENCE_DATUM,VRDAT_NAME,,TSMALP,ELEVATION_DATUM_CD,"A permanently established horizontal plane, surface, or level to which soundings, ground elevations, depths, water surface elevations, and tidal data are referred.",,Lat/Long,VerticalCoordinateReferenceSystemDatumName,"The name of the reference datum used to determine the vertical measure (i.e., the altitude).",Compliant
03.01.11,CountryCode,WQX_MonitoringLocationGeospatial_v3.0.xsd,WQX.STATE.ST_CD (MONITORING_LOCATION.ST_UID),STATE,ST_CD,,TSMALP,TSMGEOPA0ORG_ID,The TSMORGAN portion of the foreign key to TSMGEOPA,Valid values are stored in table TSMGEOPA.,Contact,MailingAddressCountryCode or LocationAddressCountryCode,A code designator used to identify a primary geopolitical unit of the world.,"Business Decision: No direct link found in ESAR-Monitoring location, so definitions pulled from Contact standard."
03.01.12,StateCode,WQX_MonitoringLocationGeospatial_v3.0.xsd,WQX.COUNTRY.CNTRY_CD (MONITORING_LOCATION.CNTRY_UID),COUNTRY,CNTRY_CD,,TSMALP,TSMGEOPA0ORG_ID,The TSMORGAN portion of the foreign key to TSMGEOPA,Valid values are stored in table TSMGEOPA.,Contact,MailingAddressStateCode or LocationAddressStateCode,"A code designator used to identify a principal administrative subdivision of the United States, Canada, or Mexico.","Business Decision: No direct link found in ESAR-Monitoring location, so definitions pulled from Contact standard."
03.01.13,CountyCode,WQX_MonitoringLocationGeospatial_v3.0.xsd,WQX.COUNTY.CNTY_CD (MONITORING_LOCATION.CNTY_UID),COUNTY,CNTY_CD,,TSMALP,TSMGEOPA0ORG_ID,The TSMORGAN portion of the foreign key to TSMGEOPA,Valid values are stored in table TSMGEOPA.,Contact,LocationAddressCountyCode,A code designator used to identify a U.S. county or county equivalent.,"Business Decision: No direct link found in ESAR-Monitoring location, so definitions pulled from Contact standard."
03.02.00 Header,WellInformation,,,,,,,,,,,,,
03.02.01,WellTypeText,WQX_WellInformation_v3.0.xsd,WQX.WELL_TYPE.WELTYP_NAME (WELL.WELTYP_UID),WELL_TYPE,WELTYP_NAME,,,,,,,,,
03.02.02,AquiferTypeName,WQX_WellInformation_v3.0.xsd,WQX.AQUIFER_TYPE.AQFRTYP_NAME (WELL.AQFRTYP_UID),AQUIFER_TYPE,AQFRTYP_NAME,,,,,,,,,
03.02.03,NationalAquiferCode,WQX_WellInformation_v3.0.xsd,WQX.NATIONAL_AQUIFER.NATAQFR_CD (WELL.NATAQFR_UID),NATIONAL_AQUIFER,NATAQFR_CD,,,,,,,,,
03.02.04 Header,AquiferInformation,WQX_WellInformation_v3.0.xsd,,,,,,,,,,,,
03.02.04.01,LocalAquiferCode,WQX_AquiferInformation_v3.0.xsd,WQX.AQUIFER.AQFR_CD (WELL.AQFR_UID),AQUIFER,AQFR_CD,,,,,,,,,
03.02.04.02,LocalAquiferCodeContext,WQX_AquiferInformation_v3.0.xsd,WQX.AQUIFER_CONTEXT.AQFRCTX_CD (WELL.AQFR_UID),AQUIFER_CONTEXT,AQFRCTX_CD,,,,,,,,,
03.02.04.03,LocalAquiferName,WQX_AquiferInformation_v3.0.xsd,WQX.AQUIFER.AQFR_NAME (WELL.AQFR_UID),AQUIFER,AQFR_NAME,,,,,,,,,
03.02.04.04,LocalAquiferDescriptionText,WQX_AquiferInformation_v3.0.xsd,WQX.AQUIFER.AQFR_DESC (WELL.AQFR_UID),AQUIFER,AQFR_DESC,,,,,,,,,
03.02.05,FormationTypeText,WQX_WellInformation_v3.0.xsd,WQX.WELL_FORMATION_TYPE.WFTYP_NAME (WELL.WFTYP_UID),WELL_FORMATION_TYPE,WFTYP_NAME,,,,,,,,,
03.02.06 Header,WellHoleDepthMeasure,,,,,,,,,,,,,
03.02.06.01,MeasureValue,WQX_MeasureCompact_v3.0.xsd,WQX.WELL.WELL_HOLE_DEPTH,WELL,WELL_HOLE_DEPTH,,,,,,,,,
03.02.06.02,MeasureUnitCode,WQX_MeasureCompact_v3.0.xsd,WQX.MEASUREMENT_UNIT.MSUNT_CD (WELL.MSUNT_UID_HOLE_DEPTH),MEASUREMENT_UNIT,MSUNT_CD,,,,,,,,,
03.02.07,ConstructionDate,WQX_WellInformation_v3.0.xsd,WQX.WELL.WELL_CONSTRUCTION_DATE,WELL,WELL_CONSTRUCTION_DATE,,,,,,,,,
03.02.08 Header,WellDepthMeasure,,,,,,,,,,,,,
03.02.08.01,MeasureValue,WQX_MeasureCompact_v3.0.xsd,WQX.WELL.WELL_DEPTH,WELL,WELL_DEPTH,,,,,,,,,
03.02.08.02,MeasureUnitCode,WQX_MeasureCompact_v3.0.xsd,WQX.MEASUREMENT_UNIT.MSUNT_CD (WELL.MSUNT_UID_WELL_DEPTH),MEASUREMENT_UNIT,MSUNT_CD,,,,,,,,,
03.03.00 Header,AttachedBinaryObject,,"WQX.ATTACHED_OBJECT (REF_UID=mloc_uid,TBL_UID=2)",,,,,,,,,,,
03.03.01,BinaryObjectFileName,WQX_AttachedBinaryObject_v3.0.xsd,WQX.ATTACHED_OBJECT.ATOBJ_FILE_NAME,ATTACHED_OBJECT,ATOBJ_FILE_NAME,,TSMSTATN,BLOB_TITLE,User-defined Title of the BLOB Content.,,ESAR - Binary,    BinaryObjectFileName,"The text describing the descriptive name used to represent the file, including file extension.",Compliant
03.03.02,BinaryObjectFileTypeCode,WQX_AttachedBinaryObject_v3.0.xsd,WQX.ATTACHED_OBJECT.ATOBJ_TYPE,ATTACHED_OBJECT,ATOBJ_TYPE,,TSMSTATN,BLOB_TYPE,"File types permitted for BLOB content. BLOBs (Binary Large Objects) are typically entire files whos content extends and further defines the Project. A single BLOB of type PDF might contain the complete project design specification as published by the project
manager.",,ESAR - Binary,    BinaryObjectFileType,The text or acronym describing the binary content type of a file.,Compliant
04.00 Header,BiologicalHabitatIndex,,,,,,,,,,,,,
4.01,IndexIdentifier,WQX_BiologicalHabitatIndex_v3.0.xsd,WQX.BIOLOGICAL_HABITAT_INDEX.BHIDX_ID,BIOLOGICAL_HABITAT_INDEX,BHIDX_ID,,,,,,,,,
04.02 Header,IndexType,,,,,,,,,,,,,
04.02.01,IndexTypeIdentifier,WQX_IndexType_v3.0.xsd,WQX.INDEX_TYPE.IDXTYP_ID,INDEX_TYPE,IDXTYP_ID,,,,,,,,,
04.02.02,IndexTypeIdentifierContext,WQX_IndexType_v3.0.xsd,WQX.INDEX_TYPE.IDXTYP_CONTEXT,INDEX_TYPE,IDXTYP_CONTEXT,,,,,,,,,
04.02.03,IndexTypeName,WQX_IndexType_v3.0.xsd,WQX.INDEX_TYPE.IDXTYP_NAME,INDEX_TYPE,IDXTYP_NAME,,,,,,,,,
04.02.04 Header,IndexTypeCitation,,,,,,,,,,,,,
04.02.04.01,ResourceTitleName,WQX_BibliographicReference_v3.0.xsd,WQX.CITATION.CITATN_TITLE (INDEX_TYPE.CITATN_UID),CITATION,CITATN_TITLE,,,,,,,,,
04.02.04.02,ResourceCreatorName,WQX_BibliographicReference_v3.0.xsd,WQX.CITATION.CITATN_CREATOR (INDEX_TYPE.CITATN_UID),CITATION,CITATN_CREATOR,,,,,,,,,
04.02.04.03,ResourceSubjectText,WQX_BibliographicReference_v3.0.xsd,WQX.CITATION.CITATN_SUBJECT (INDEX_TYPE.CITATN_UID),CITATION,CITATN_SUBJECT,,,,,,,,,
04.02.04.04,ResourcePublisherName,WQX_BibliographicReference_v3.0.xsd,WQX.CITATION.CITATN_PUBLISHER (INDEX_TYPE.CITATN_UID),CITATION,CITATN_PUBLISHER,,,,,,,,,
04.02.04.05,ResourceDate,WQX_BibliographicReference_v3.0.xsd,WQX.CITATION.CITATN_DATE (INDEX_TYPE.CITATN_UID),CITATION,CITATN_DATE,,,,,,,,,
04.02.04.06,ResourceIdentifier,WQX_BibliographicReference_v3.0.xsd,WQX.CITATION.CITATN_ID (INDEX_TYPE.CITATN_UID),CITATION,CITATN_ID,,,,,,,,,
04.02.05,IndexTypeScaleText,WQX_IndexType_v3.0.xsd,WQX.INDEX_TYPE.IDXTYP_SCALE,INDEX_TYPE,IDXTYP_SCALE,,,,,,,,,
4.03,IndexScore,WQX_BiologicalHabitatIndex_v3.0.xsd,WQX.BIOLOGICAL_HABITAT_INDEX.BHIDX_SCORE,BIOLOGICAL_HABITAT_INDEX,BHIDX_SCORE,,,,,,,,,
4.04,IndexQualifierCode,WQX_BiologicalHabitatIndex_v3.0.xsd,WQX.BIOLOGICAL_HABITAT_INDEX.BHIDX_QUALIFIER_CD,BIOLOGICAL_HABITAT_INDEX,BHIDX_QUALIFIER_CD,,,,,,,,,
4.05,IndexCommentText,WQX_BiologicalHabitatIndex_v3.0.xsd,WQX.BIOLOGICAL_HABITAT_INDEX.BHIDX_COMMENT,BIOLOGICAL_HABITAT_INDEX,BHIDX_COMMENT,,,,,,,,,
4.06,IndexCalculatedDate,WQX_BiologicalHabitatIndex_v3.0.xsd,WQX.BIOLOGICAL_HABITAT_INDEX.BHIDX_CALCULATED_DATE,BIOLOGICAL_HABITAT_INDEX,BHIDX_CALCULATED_DATE,,,,,,,,,
4.07,MonitoringLocationIdentifier,WQX_BiologicalHabitatIndex_v3.0.xsd,WQX.MONITORING_LOCATION.MLOC_ID (BIOLOGICAL_HABITAT_INDEX.MLOC_UID),MONITORING_LOCATION,MLOC_ID,,,,,,,,,
05.00.00 Header,Activity,,,,,,,,,,,,,
05.00.01,ActivityIdentifier,WQX_ActivityDescription_v3.0.xsd,WQX.ACTIVITY.ACT_ID,ACTIVITY,ACT_ID,,TSRFDACT,ID_CODE,"The Organization-assigned alphanumeric code that identifies a Field Activity, sometimes called Sample ID. The combination of Activity/Sample ID and Replicate Number must be unique among all samples collected during all station visits conducted during any one
Trip.",,ESAR,Field Activity Identifier,A designator used to uniquely identify a field activity within a context.,Business Decision: WQX needed more generic term to incorporate non-field related activities.
05.00.02,ActivityIdentifierUserSupplied,WQX_ActivityDescription_v3.0.xsd,WQX.ACTIVITY.ACT_ID_USER_SUPPLIED,ACTIVITY,ACT_ID_USER_SUPPLIED,,,,,,ESAR,Field Activity Identifier,A designator used to uniquely identify a field activity within a context.,Business Decision: WQX needed more generic term to incorporate non-field related activities.
05.00.03,ActivityTypeCode,WQX_ActivityDescription_v3.0.xsd,WQX.ACTIVITY_TYPE.ACTYP_CD (ACTIVITY.ACTYP_UID),ACTIVITY_TYPE,ACTYP_CD,,TSRFDACT,CATEGORY_TYPE_NAME,"A descriptor used to distinguish different kinds of samples and different kinds of Measurements & Observations. The permitted
value list is controlled by the choice of TYPE_NAME (above), with the entries in TSMPRMVL for CATEGORY_TYPE_NAME_M used for activities of type Msr/Obs, while CATEGORY_TYPE_NAME_S is used for activities of type Sample.",,ESAR,Field Activity Type,The text describing the type of field activity being performed,Business Decision: WQX needed more generic term to incorporate non-field related activities.
05.00.04,ActivityMediaName,WQX_ActivityDescription_v3.0.xsd,WQX.ACTIVITY_MEDIA.ACMED_NAME (ACTIVITY.ACMED_UID),ACTIVITY_MEDIA,ACMED_NAME,,TSRFDACT,MEDIUM_TYPE_NAME,The name of the medium or matrix where the Field Activity occurred.,,ESAR,Sample Media Name,Name or code indicating the environmental medium where the sample was taken.,"Business Decision:  The team needed to use this field for potentially more than sample collection, so broader term was used."
05.00.05,ActivityMediaSubdivisionName,WQX_ActivityDescription_v3.0.xsd,WQX.ACTIVITY_MEDIA_SUBDIVISION.AMSUB_NAME (ACTIVITY.AMSUB_UID),ACTIVITY_MEDIA_SUBDIVISION,AMSUB_NAME,,No exact match found,,,,ESAR,Sample Media Subdivision Name,Name or code indicating the environmental matrix as a subdivision of the sample media. ,"Business Decision:  The team needed to use this field for potentially more than sample collection, so broader term was used."
05.00.06,ActivityStartDate,WQX_ActivityDescription_v3.0.xsd,WQX.ACTIVITY.ACT_START_DATE,ACTIVITY,ACT_START_DATE,,TSRFDACT,START_DATE,"For Samples Collected or for Measurements/Observations made - the date that the Field Activity began. For Samples Created
from other samples - the date on which a sample is created by compositing, splitting, or subsampling from a parent sample.",,ESAR,Field Activity Start Date,The starting date that a field activity was started.,"Business Decision:  The team needed to use this field for more than just field activities, so broader term was used."
05.00.07 Header,ActivityStartTime,,,,,,,,,,,,,
05.00.07.01,Time,WQX_WQXTime_v3.0.xsd,WQX.ACTIVITY.ACT_START_TIME,ACTIVITY,ACT_START_TIME,,TSRFDACT,START_TIME,"For Samples Collected or for Measurements/Observations made - the time that the Field Activity began. For Samples Created from other samples - the time at which a sample is created by compositing, splitting, or subsampling from a parent sample.",,ESAR,Field Activity Start Time,The starting time that a field activity was started.,"Business Decision:  The team needed to use this field for more than just field activities, so broader term was used."
05.00.07.02,TimeZoneCode,WQX_WQXTime_v3.0.xsd,WQX.TIME_ZONE.TMZONE_CD (ACTIVITY.TMZONE_UID_START_TIME),TIME_ZONE,TMZONE_CD,,TSRFDACT,START_TIME_ZONE,Any of the longitudinal divisions of the earth's surface in which a standard time is kept. Each zone observes a clock time one hour earlier than the zone immediately to the east.,,,,,Business Decision: No corresponding element found in EDSC standards.
05.00.08,ActivityEndDate,WQX_ActivityDescription_v3.0.xsd,WQX.ACTIVITY.ACT_END_DATE,ACTIVITY,ACT_END_DATE,,TSRFDACT,STOP_DATE,Date that the Field Activity ended.,,ESAR,Field Activity End Date,The ending date that a field activity was finished.,"Business Decision:  The team needed to use this field for more than just field activities, so broader term was used."
05.00.09 Header,ActivityEndTime,,,,,,,,,,,,,
05.00.09.01,Time,WQX_WQXTime_v3.0.xsd,WQX.ACTIVITY.ACT_END_TIME,ACTIVITY,ACT_END_TIME,,TSRFDACT,STOP_TIME,Time that the Field Activity ended.,,ESAR,Field Activity End Time,The ending time that a field activity was finished.,"Business Decision:  The team needed to use this field for more than just field activities, so broader term was used."
05.00.09.02,TimeZoneCode,WQX_WQXTime_v3.0.xsd,WQX.TIME_ZONE.TMZONE_CD (ACTIVITY.TMZONE_UID_END_TIME),TIME_ZONE,TMZONE_CD,,TSRFDACT,STOP_TIME_ZONE,Any of the longitudinal divisions of the earth's surface in which a standard time is kept. Each zone observes a clock time one hour earlier than the zone immediately to the east.,,,,,Business Decision: No corresponding element found in EDSC standards.
05.00.10,ActivityRelativeDepthName,WQX_ActivityDescription_v3.0.xsd,RELATIVE_DEPTH.RELDPTH_NAME  (ACTIVITY.RELDPTH_UID),RELATIVE_DEPTH,RELDPTH_NAME,,TSRFDACT,RELTV_DEPTH_NAME,The name that indicates the approximate location within the water column at which the activity occurred. ,,,,,Business Decision: No corresponding element found in EDSC standards.
05.00.11 Header,ActivityDepthHeightMeasure,,,,,,,,,,,,,
05.00.11.01,MeasureValue,WQX_MeasureCompact_v3.0.xsd,WQX.ACTIVITY.ACT_DEPTH_HEIGHT,ACTIVITY,ACT_DEPTH_HEIGHT,,TSRFDACT,DEPTH_TO_ACTIVITY,Distance from the surface to the point in the water column at which the activity is conducted.,,ESAR,SampleEventDepthHeightMeasure/MeasureValue,"The recorded dimension, capacity, quality, or amount of something ascertained by measuring or observing.",Business Decision: Team used term Activity over SampleEvent to make usage more generic.
05.00.11.02,MeasureUnitCode,WQX_MeasureCompact_v3.0.xsd,WQX.MEASUREMENT_UNIT.MSUNT_CD (ACTIVITY.MSUNT_UID_DEPTH_HEIGHT),MEASUREMENT_UNIT,MSUNT_CD,,,,,,ESAR,SampleEventDepthHeightMeasure/MeasureUnitCode,The code that represents the unit for measuring the item.,Business Decision: Team used term Activity over SampleEvent to make usage more generic.
05.00.12 Header,ActivityTopDepthHeightMeasure,,,,,,,,,,,,,
05.00.12.01,MeasureValue,WQX_MeasureCompact_v3.0.xsd,WQX.ACTIVITY.ACT_DEPTH_HEIGHT_TOP,ACTIVITY,ACT_DEPTH_HEIGHT_TOP,,TSRFDACT,UPPER_DEPTH_TO_ACT,This measure is associated with an activity that is normally conducted over or within a vertical depth range within the water column. This attribute is a measure of the distance from the surface to the upper boundary of the zone within which the activity is conducted or over which the activity is integrated.,,ESAR,SampleEventTopDepthHeightMeasure/MeasureValue,"The recorded dimension, capacity, quality, or amount of something ascertained by measuring or observing.",Business Decision: Team used term Activity over SampleEvent to make usage more generic.
05.00.12.02,MeasureUnitCode,WQX_MeasureCompact_v3.0.xsd,WQX.MEASUREMENT_UNIT.MSUNT_CD (ACTIVITY.MSUNT_UID_DEPTH_HEIGHT_TOP),MEASUREMENT_UNIT,MSUNT_CD,,,,,,ESAR,SampleEventTopDepthHeightMeasure/MeasureUnitCode,The code that represents the unit for measuring the item.,Business Decision: Team used term Activity over SampleEvent to make usage more generic.
05.00.13 Header,ActivityBottomDepthHeightMeasure,,,,,,,,,,,,,
05.00.13.01,MeasureValue,WQX_MeasureCompact_v3.0.xsd,WQX.ACTIVITY.ACT_DEPTH_HEIGHT_BOTTOM,ACTIVITY,ACT_DEPTH_HEIGHT_BOTTOM,,TSRFDACT,LOWER_DEPTH_TO_ACT,This measure is associated with an activity that is normally conducted over or within a vertical depth range within the water column. This attribute is a measure of the distance from the surface to the lower boundary of the zone within which the activity is conducted or over which the activity is integrated.,,ESAR,SampleEventBottomDepthHeightMeasure/MeasureValue,"The recorded dimension, capacity, quality, or amount of something ascertained by measuring or observing.",Business Decision: Team used term Activity over SampleEvent to make usage more generic.
05.00.13.02,MeasureUnitCode,WQX_MeasureCompact_v3.0.xsd,WQX.MEASUREMENT_UNIT.MSUNT_CD (ACTIVITY.MSUNT_UID_DEPTH_HEIGHT_BOTTOM),MEASUREMENT_UNIT,MSUNT_CD,,,,,,ESAR,SampleEventTopDepthHeightMeasure/MeasureUnitCode,The code that represents the unit for measuring the item.,Business Decision: Team used term Activity over SampleEvent to make usage more generic.
05.00.14,ActivityDepthAltitudeReferencePointText,WQX_ActivityDescription_v3.0.xsd,WQX.ACTIVITY.ACT_DEPTH_ALTITUDE_REF_POINT,ACTIVITY,ACT_DEPTH_ALTITUDE_REF_POINT,,TSRFDACT,DEPTH_REF_POINT,"The text that describes the reference point from which the depth is measured, typically ""Surface"".",,ESAR,SampleEventDepthAltitudeReferencePointText,The reference used to indicate the datum or reference used to establish the depth/altitude of collection.,Business Decision: Team used term Activity over SampleEvent to make usage more generic.
05.00.15,ProjectIdentifier,WQX_ActivityDescription_v3.0.xsd,WQX.PROJECT.PRJ_ID (ACTIVITY_PROJECT.ACT_UID),PROJECT,PRJ_ID,,TSRFAPRA,TSMPROJ_IS_NUMBER,"The foreign key to TSMPROJ implements ""One Project may be supported by many Field Activities.""",,,,,Business Decision: This is a linkage element; No corresponding element found in EDSC standards at this level of hierarchy.
05.00.16,ActivityConductingOrganizationText,WQX_ActivityDescription_v3.0.xsd,WQX.ACTIVITY_CONDUCTING_ORG.ACORG_NAME (ACTIVITY.ACT_UID),ACTIVITY_CONDUCTING_ORG,ACORG_NAME,,TSRFDACT,TSRFDACT_ORG_ID,"The user-defined code that uniquely identifies the Organization to which each occurrence of this table applies. This identifying attribute
has been added to this table for purposes of application security. Security is driven by user access to a given Organization(s).",NOT EXACT MATCH,,,,Business Decision: This is a linkage element; No corresponding element found in EDSC standards at this level of hierarchy.
05.00.17,MonitoringLocationIdentifier,WQX_ActivityDescription_v3.0.xsd,WQX.MONITORING_LOCATION.MLOC_ID (ACTIVITY.MLOC_UID),MONITORING_LOCATION,MLOC_ID,,,,,,,,,Business Decision: This is a linkage element; No corresponding element found in EDSC standards at this level of hierarchy.
05.00.18,SamplingComponentName,WQX_ActivityDescription_v3.0.xsd,WQX.ACTIVITY.ACT_SAM_COMPNT_NAME,ACTIVITY,ACT_SAM_COMPNT_NAME,,,,,,,,,
05.00.19,ActivityCommentText,WQX_ActivityDescription_v3.0.xsd,WQX.ACTIVITY.ACT_COMMENTS,ACTIVITY,ACT_COMMENTS,,TSRFDACT,COMMENT_TEXT,Free text comments usually originating from members of the field crew regarding the Field Activity.,,,,,Business Decision: The team chose ActivityComments since the term is more generic and also to be consistent with the use of the term “Comments’ in other areas of the schema.
05.01.00 Header,ActivityLocation,,,,,,,,,,,,,
05.01.01,LatitudeMeasure,WQX_ActivityLocation_v3.0.xsd,WQX.ACTIVITY.ACT_LOC_LATITUDE,ACTIVITY,ACT_LOC_LATITUDE,,TSMALP,LAT_DEC_DEG_MSR,"The measure of latitude in decimal degrees (- 90.0 to 90.0), indicating angular distance North or South of the equator.","other alternative fields (LAT_DEGREE_MSR, GPS_LAT_DEGREE_MSR exist)",Lat/Long,LatitudeMeasure,The measure of the angular distance on a meridian north or south of the equator.,Compliant (ESAR has no geospatial elements tracked at activity level. Element mapping from Lat/Long standard used.)
05.01.02,LongitudeMeasure,WQX_ActivityLocation_v3.0.xsd,WQX.ACTIVITY.ACT_LOC_LONGITUDE,ACTIVITY,ACT_LOC_LONGITUDE,,TSMALP,LONG_DEC_DEG_MSR,The measure of longitude in decimal degrees (- 180.0 to 180.0) indicating angular distance west or east of the prime meridian.,other alternative fields (GPS_LONG_DEGREE_MSR exist),Lat/Long,LongitudeMeasure,The measure of the angular distance on a meridian east or west of the prime meridian.,Compliant (ESAR has no geospatial elements tracked at activity level. Element mapping from Lat/Long standard used.)
05.01.03,SourceMapScale,WQX_ActivityLocation_v3.0.xsd,WQX.ACTIVITY.ACT_LOC_SOURCE_MAP_SCALE,ACTIVITY,ACT_LOC_SOURCE_MAP_SCALE,,TSMALP,GEOPSTNG_SCALE_TXT,"The text that describes the Geopositioning Scale of a map. Example: 1:1000. NOTE: When GEOPOSITIONING METHOD = 'MAP' this attribute is mandatory, and the map scale (in part) determines the expected accuracy of the latitude/longitude.",,Lat/Long,SourceMapScale,The number that represents the proportional distance on the ground for one unit of measure on the map or photo.,Compliant (ESAR has no geospatial elements tracked at activity level. Element mapping from Lat/Long standard used.)
05.01.04 Header,HorizontalAccuracyMeasure,,,,,,,,,,Lat/Long,HorizontalAccuracyMeasure,"The horizontal measure, in meters, of the relative accuracy of the latitude and longitude coordinates",Compliant
05.01.04.01,MeasureValue,WQX_MeasureCompact_v3.0.xsd,WQX.ACTIVITY.ACT_HORIZONTAL_ACCURACY,ACTIVITY,ACT_HORIZONTAL_ACCURACY,,,,,,Measure,VerticalMeasure / MeasureValue,"The recorded dimension, capacity, quality, or amount of something ascertained by measuring or observing.",Compliant
05.01.04.02,MeasureUnitCode,WQX_MeasureCompact_v3.0.xsd,WQX.MEASUREMENT_UNIT.MSUNT_CD (ACTIVITY.MSUNT_UID_HORIZONTAL_ACCURACY),MEASUREMENT_UNIT,MSUNT_CD,,,,,,Measure,VerticalMeasure / MeasureUnitCode,The code that represents the unit for measuring the item.,Compliant
05.01.05,HorizontalCollectionMethodName,WQX_ActivityLocation_v3.0.xsd,WQX.HORIZONTAL_COLLECTION_METHOD (WQX.ACTIVITY.HCMTH_UID),HORIZONTAL_COLLECTION_METHOD,HCMTH_NAME,,TSMALP,GEOPSTNG_METHOD_CD,The code that represents the method used to determine geographic coordinates of a locational point.,,Lat/Long,HorizontalCollectionMethodName,The name that identifies the method used to determine the latitude and longitude coordinates for a point on the earth.,Compliant (ESAR has no geospatial elements tracked at activity level. Element mapping from Lat/Long standard used.)
05.01.06,HorizontalCoordinateReferenceSystemDatumName,WQX_ActivityLocation_v3.0.xsd,WQX.HORIZONTAL_REFERENCE_DATUM (WQX.ACTIVITY.HRDAT_UID),HORIZONTAL_REFERENCE_DATUM,HRDAT_NAME,,TSMALP,GEOPSTNG_DATUM_CD,The code that represents an acknowledged standard reference scheme of known coordinates from which calculations or measurements may be taken.,,Lat/Long,HorizontalCoordinateReferenceSystemDatumName or Code,The code that represents the reference datum used in determining latitude and longitude coordinates.,Compliant (ESAR has no geospatial elements tracked at activity level. Element mapping from Lat/Long standard used.)
05.01.07,ActivityLocationDescriptionText,WQX_ActivityLocation_v3.0.xsd,WQX.ACTIVITY.ACT_LOC_DESC,ACTIVITY,ACT_LOC_DESC,,,,,,Lat/Long,,,Compliant (ESAR has no geospatial elements tracked at activity level. Element mapping from Lat/Long standard used.)
05.02.00 Header,BiologicalActivityDescription,,,,,,,,,,,,,
05.02.01,AssemblageSampledName,WQX_BiologicalActivityDescription_v3.0.xsd,WQX.ASSEMBLAGE.ASMBLG_NAME  (WQX.ACTIVITY.ASMBLG_UID),ASSEMBLAGE,ASMBLG_NAME,,,,,,,,,
05.02.02 Header,BiologicalHabitatCollectionInformation,,,,,,,,,,,,,
05.02.02.01 Header,CollectionDuration,,,,,,,,,,,,,
05.02.02.01.01,MeasureValue,WQX_MeasureCompact_v3.0.xsd,WQX.ACTIVITY.ACT_COLLECTION_DURATION,ACTIVITY,ACT_COLLECTION_DURATION,,,,,,,,,
05.02.02.01.02,MeasureUnitCode,WQX_MeasureCompact_v3.0.xsd,WQX.MEASUREMENT_UNIT.MSUNT_CD (ACTIVITY.MSUNT_UID_COLLECTION_DURATION),MEASUREMENT_UNIT,MSUNT_CD,,,,,,,,,
05.02.02.02 Header,CollectionArea,WQX_BiologicalHabitatCollectionInformation_v3.0.xsd,,,,,,,,,,,,
05.02.02.02.01,MeasureValue,WQX_MeasureCompact_v3.0.xsd,WQX.ACTIVITY.ACT_COLLECTION_AREA,ACTIVITY,ACT_COLLECTION_AREA,,,,,,,,,
05.02.02.02.02,MeasureUnitCode,WQX_MeasureCompact_v3.0.xsd,WQX.MEASUREMENT_UNIT.MSUNT_CD (ACTIVITY.MSUNT_UID_COLLECTION_AREA),MEASUREMENT_UNIT,MSUNT_CD,,,,,,,,,
05.02.02.03 Header,CollectionEffort,WQX_BiologicalHabitatCollectionInformation_v3.0.xsd,,,,,,,,,,,,
05.02.02.03.01,MeasureValue,WQX_CollectionEffort_v3.0.xsd,WQX.ACTIVITY.ACT_COLLECTION_EFFORT,ACTIVITY,ACT_COLLECTION_EFFORT,,,,,,,,,
05.02.02.03.02,GearProcedureUnitCode,WQX_CollectionEffort_v3.0.xsd,WQX.GEAR_PROCEDURE_UNIT.GPUNT_NAME  (ACTIVITY.GPUNT_UID),GEAR_PROCEDURE_UNIT,GPUNT_NAME,,,,,,,,,
05.02.02.04 Header,ReachLengthMeasure,,,,,,,,,,,,,
05.02.02.04.01,MeasureValue,WQX_MeasureCompact_v3.0.xsd,WQX.ACTIVITY.ACT_REACH_LENGTH,ACTIVITY,ACT_REACH_LENGTH,,,,,,,,,
05.02.02.04.02,MeasureUnitCode,WQX_MeasureCompact_v3.0.xsd,WQX.MEASUREMENT_UNIT.MSUNT_CD (ACTIVITY.MSUNT_UID_REACH_LENGTH),MEASUREMENT_UNIT,MSUNT_CD,,,,,,,,,
05.02.02.05 Header,ReachWidthMeasure,,,,,,,,,,,,,
05.02.02.05.01,MeasureValue,WQX_MeasureCompact_v3.0.xsd,WQX.ACTIVITY.ACT_REACH_WIDTH,ACTIVITY,ACT_REACH_WIDTH,,,,,,,,,
05.02.02.05.02,MeasureUnitCode,WQX_MeasureCompact_v3.0.xsd,WQX.MEASUREMENT_UNIT.MSUNT_CD (ACTIVITY.MSUNT_UID_REACH_WIDTH),MEASUREMENT_UNIT,MSUNT_CD,,,,,,,,,
05.02.02.06,CollectionDescriptionText,,,ACTIVITY,ACT_COLLECTION_DESC,,,,,,,,,
05.02.02.07,PassCount,WQX_BiologicalHabitatCollectionInformation_v3.0.xsd,WQX.ACTIVITY.ACT_PASS_COUNT,ACTIVITY,ACT_PASS_COUNT,,,,,,,,,
05.02.02.08 Header,NetInformation,,,,,,,,,,,,,
05.02.02.08.01,NetTypeName,WQX_NetInformation_v3.0.xsd,WQX.NET_TYPE.NETTYP_NAME (ACTIVITY.NETTYP_UID),NET_TYPE,NETTYP_NAME,,,,,,,,,
05.02.02.08.02 Header,NetSurfaceAreaMeasure,,,,,,,,,,,,,
05.02.02.08.02.01,MeasureValue,WQX_MeasureCompact_v3.0.xsd,WQX.ACTIVITY.ACT_NET_SURFACE_AREA,ACTIVITY,ACT_NET_SURFACE_AREA,,,,,,,,,
05.02.02.08.02.02,MeasureUnitCode,WQX_MeasureCompact_v3.0.xsd,WQX.MEASUREMENT_UNIT.MSUNT_CD (ACTIVITY.MSUNT_UID_NET_SURFACE_AREA),MEASUREMENT_UNIT,MSUNT_CD,,,,,,,,,
05.02.02.08.03 Header,NetMeshSizeMeasure,,,,,,,,,,,,,
05.02.02.08.03.01,MeasureValue,WQX_MeasureCompact_v3.0.xsd,WQX.ACTIVITY.ACT_NET_MESH_SIZE,ACTIVITY,ACT_NET_MESH_SIZE,,,,,,,,,
05.02.02.08.03.02,MeasureUnitCode,WQX_MeasureCompact_v3.0.xsd,WQX.MEASUREMENT_UNIT.MSUNT_CD (ACTIVITY.MSUNT_UID_NET_MESH_SIZE),MEASUREMENT_UNIT,MSUNT_CD,,,,,,,,,
05.02.02.08.04 Header,BoatSpeedMeasure,,,,,,,,,,,,,
05.02.02.08.04.01,MeasureValue,WQX_MeasureCompact_v3.0.xsd,WQX.ACTIVITY.ACT_BOAT_SPEED,ACTIVITY,ACT_BOAT_SPEED,,,,,,,,,
05.02.02.08.04.02,MeasureUnitCode,WQX_MeasureCompact_v3.0.xsd,WQX.MEASUREMENT_UNIT.MSUNT_CD (ACTIVITY.MSUNT_UID_BOAT_SPEED),MEASUREMENT_UNIT,MSUNT_CD,,,,,,,,,
05.02.02.08.05,CurrentSpeedMeasure,,,,,,,,,,,,,
05.02.02.08.05.01,MeasureValue,WQX_MeasureCompact_v3.0.xsd,WQX.ACTIVITY.ACT_CURRENT_SPEED,ACTIVITY,ACT_CURRENT_SPEED,,,,,,,,,
05.02.02.08.05.02,MeasureUnitCode,WQX_MeasureCompact_v3.0.xsd,WQX.MEASUREMENT_UNIT.MSUNT_CD (ACTIVITY.MSUNT_UID_CURRENT_SPEED),MEASUREMENT_UNIT,MSUNT_CD,,,,,,,,,
05.02.03,ToxicityTestType,WQX_BiologicalActivityDescription_v3.0.xsd,WQX.TOXICITY_TEST_TYPE.TTTYP_NAME (ACTIVITY.TTTYP_UID),TOXICITY_TEST_TYPE,TTTYP_NAME,,,,,,,,,
05.02.04,HabitatSelectionMethod,WQX_BiologicalActivityDescription_v3.0.xsd,WQX.HABITAT_SELECTION_METHOD.HSM_NAME (ACTIVITY.HSM_UID),HABITAT_SELECTION_METHOD,HSM_NAME,,,,,,,,,
05.03.00 Header,SampleDescription,,,,,,,,,,,,,
05.03.01 Header,SampleCollectionMethod,,,,,,,,,,ESAR,Field Sample Collection Method,Identifies sample collection or measurement method procedures.,Compliant
05.03.01.01,MethodIdentifier,WQX_ReferenceMethod_v3.0.xsd,WQX.SAMPLE_COLLECTION_METHOD.SCMTH_ID (ACTIVITY.SCMTH_UID),SAMPLE_COLLECTION_METHOD,SCMTH_ID,,TSRFLDGR,ID_CODE,"An Organization-assigned cryptic ID Code that identifies a specific instance of Field Gear. Note: One Field Gear may have many Gear
Configurations. Used as a shorthand or abbreviation to represent the Field Gear in batch data update runs.",Linked via TSRFLDGR_IS_NUMBER in TSRFDACT,ESAR / Method,Field Sample Collection Method / Method Identifier,The identification number or code assigned by the method publisher.,Compliant
05.03.01.02,MethodIdentifierContext,WQX_ReferenceMethod_v3.0.xsd,WQX.SAMPLE_COLLECT_METHOD_CONTEXT.SCMCTX_CD (SAMPLE_COLLECTION_METHOD.SCMCTX_UID),SAMPLE_COLLECT_METHOD_CONTEXT,SCMCTX_CD,,,,,,ESAR / Method,Field Sample Collection Method / Method Identifier (metadata),Identifies the source or data system that created or defined the identifier.,Compliant
05.03.01.03,MethodName,WQX_ReferenceMethod_v3.0.xsd,WQX.SAMPLE_COLLECTION_METHOD.SCMTH_NAME (ACTIVITY.SCMTH_UID),SAMPLE_COLLECTION_METHOD,SCMTH_NAME,,,,,,ESAR / Method,Field Sample Collection Method / Method Name,Identifying information about the method(s) followed to prepare a sample for analysis.,Compliant
05.03.01.04,MethodQualifierTypeName,WQX_ReferenceMethod_v3.0.xsd,WQX.SAMPLE_COLLECTION_METHOD.SCMTH_QUAL_TYPE (ACTIVITY.SCMTH_UID),SAMPLE_COLLECTION_METHOD,SCMTH_QUAL_TYPE,,,,,,ESAR / Method,Field Sample Collection Method / MethodQualifierType,"Identifier of type of method that identifies it as reference, equivalent, or other.",Compliant
05.03.01.05,MethodDescriptionText,WQX_ReferenceMethod_v3.0.xsd,WQX.SAMPLE_COLLECTION_METHOD.SCMTH_DESC (ACTIVITY.SCMTH_UID),SAMPLE_COLLECTION_METHOD,SCMTH_DESC,,TSRFLDPR,DESCRIPTION_TEXT,A long description that provides further information about the Field Sampling Procedure.,,ESAR / Method,Sample Preparation Method / MethodDescriptionText,A brief summary that provides general information about the method.,Compliant
05.03.02,SampleCollectionEquipmentName,WQX_SampleDescription_v3.0.xsd,WQX.SAMPLE_COLLECTION_EQUIP.SCEQP_NAME (ACTIVITY.SCMTH_UID),SAMPLE_COLLECTION_EQUIP,SCEQP_NAME,,,,,,ESAR,FieldActivityEquipment / EquipmentName,A designator used to uniquely identify the instrument or equipment used for the activity.,Business Decision: Team used term Sampling over FieldActivity to make usage more specific.
05.03.03,SampleCollectionEquipmentCommentText,WQX_SampleDescription_v3.0.xsd,WQX.SAMPLE_COLLECTION_METHOD.ACT_SAM_COLLECT_EQUIP_COMMENTS,SAMPLE_COLLECTION_METHOD,ACT_SAM_COLLECT_EQUIP_COMMENTS,,,,,,ESAR,FieldActivityEquipment / EquipmentDescription,Description of instrument or equipment or configuration used for the activity.,Business Decision: Team used term Sampling over FieldActivity to make usage more specific.
05.03.04 Header,SamplePreparation,,,,,,,,,,,,,
05.03.04.01 Header,SamplePreparationMethod,,,,,,,,,,ESAR,Sample Preparation Method,Identifying information about the method(s) followed to prepare a sample for analysis.,Compliant
05.03.04.01.01,MethodIdentifier,WQX_ReferenceMethod_v3.0.xsd,WQX.SAMPLE_PREPARATION_METHOD.SPMTH_ID (ACTIVITY.SPMTH_UID),SAMPLE_PREPARATION_METHOD,SPMTH_ID,,,,,,ESAR - Method,SamplePreparationMethod / MethodIdentifier,The identification number or code assigned by the method publisher.,Compliant
05.03.04.01.02,MethodIdentifierContext,WQX_ReferenceMethod_v3.0.xsd,WQX.SAMPLE_PREPARATION_METHOD.SPMTH_CONTEXT (ACTIVITY.SPMTH_UID),SAMPLE_PREPARATION_METHOD,SPMTH_CONTEXT,,,,,,ESAR - Method,SamplePreparationMethod / MethodIdentifier Context (meta data),Identifies the source or data system that created or defined the identifier.,Compliant
05.03.04.01.03,MethodName,WQX_ReferenceMethod_v3.0.xsd,WQX.SAMPLE_PREPARATION_METHOD.SPMTH_NAME (ACTIVITY.SPMTH_UID),SAMPLE_PREPARATION_METHOD,SPMTH_NAME,,TSRLSPP,NAME,The long name of the Sample Preparation Procedure.,,ESAR - Method,SamplePreparationMethod  / MethodName,The title that appears on the method from the method publisher.,Compliant
05.03.04.01.04,MethodQualifierTypeName,WQX_ReferenceMethod_v3.0.xsd,WQX.SAMPLE_PREPARATION_METHOD.SPMTH_QUAL_TYPE (ACTIVITY.SPMTH_UID),SAMPLE_PREPARATION_METHOD,SPMTH_QUAL_TYPE,,,,,,ESAR - Method,SamplePreparationMethod / MethodQualifierType,"Identifier of type of method that identifies it as reference, equivalent, or other.",Compliant
05.03.04.01.05,MethodDescriptionText,WQX_ReferenceMethod_v3.0.xsd,WQX.SAMPLE_PREPARATION_METHOD.SPMTH_DESC (ACTIVITY.SPMTH_UID),SAMPLE_PREPARATION_METHOD,SPMTH_DESC,,,,,,ESAR - Method,SamplePreparationMethod  / MethodDescriptionText,A brief summary that provides general information about the method.,Compliant
05.03.04.02,SampleContainerLabelName,WQX_ReferenceMethod_v3.0.xsd,WQX.ACTIVITY.ACT_SAM_CONTAINER_LABEL_NAME,ACTIVITY,ACT_SAM_CONTAINER_LABEL_NAME,,,,,,ESAR - Method,SamplePreparationMethod  / MethodDescriptionText,A brief summary that provides general information about the method.,Compliant
05.03.04.03,SampleContainerTypeName,WQX_SamplePreparation_v3.0.xsd,WQX.CONTAINER_TYPE.CONTYP_NAME (ACTIVITY.CONTYP_UID),CONTAINER_TYPE,CONTYP_NAME,,TSRSMPLE  (or TSRFQS),CONTAINER_TYPE_NM,The name of the style and material of the container which is used to collect and transport the sample.,Multiple map destinations,ESAR,SampleContainerTypeName,The text describing the sample container type.,Compliant
05.03.04.04,SampleContainerColorName,WQX_SamplePreparation_v3.0.xsd,WQX.CONTAINER_COLOR.CONCOL_NAME (ACTIVITY.CONCOL_UID),CONTAINER_COLOR,CONCOL_NAME,,TSRSMPLE  (or TSRFQS),CONTAINER_COLOR,The color of the container which is used to collect and transport the sample.,Multiple map destinations,ESAR,SampleContainerColorName,The text describing the sample container color.,Compliant
05.03.04.05,ChemicalPreservativeUsedName,WQX_SamplePreparation_v3.0.xsd,WQX.ACTIVITY.ACT_SAM_CHEMICAL_PRESERVATIVE,ACTIVITY,ACT_SAM_CHEMICAL_PRESERVATIVE,,TSRSMPLE ,PRESRV_STRGE_PRCDR,Free text description providing additional information about the preservation and storage of the sample.,NOT EXACT MATCH,ESAR - Sample Treatment,ChemicalPreservativeUsedName,Information describing the chemical means to preserve the sample.,Compliant
05.03.04.06,ThermalPreservativeUsedName,WQX_SamplePreparation_v3.0.xsd,WQX.THERMAL_PRESERVATIVE.THPRSV_NAME (ACTIVITY.THPRSV_UID),THERMAL_PRESERVATIVE,THPRSV_NAME,,TSRSMPLE ,TEMP_PRESERVN_TYPE,A default for the name of the type of temperature based physical preservation.,,ESAR - Sample Treatment,ThermalPreservativeUsedName,Information describing the temperature means used to preserve the sample.,Compliant
05.03.04.07,SampleTransportStorageDescription,WQX_SamplePreparation_v3.0.xsd,WQX.ACTIVITY.ACT_SAM_TRANSPORT_STORAGE_DESC,ACTIVITY,ACT_SAM_TRANSPORT_STORAGE_DESC,,TSRSMPLE ,TRANSPORT_STORAGE,"Free text description providing additional information about the handling, transport, and storage of the sample.",,,,,Business Decision: No corresponding element found in EDSC standards.
05.03.05,HydrologicCondition,WQX_SampleDescription_v3.0.xsd,WQX.HYDROLOGIC_CONDITION.HYDCND_NAME (ACTIVITY.HYDCND_UID),HYDROLOGIC_CONDITION,HYDCND_NAME,,,,,,,,,
05.03.06,HydrologicEvent,WQX_SampleDescription_v3.0.xsd,WQX.HYDROLOGIC_EVENT.HYDEV_NAME (ACTIVITY.HYDEV_UID),HYDROLOGIC_EVENT,HYDEV_NAME,,,,,,,,,
05.04.00 Header,ActivityMetric,,,,,,,,,,,,,
05.04.01 Header,ActivityMetricType,,,,,,,,,,,,,
05.04.01.01,MetricTypeIdentifier,WQX_ActivityMetricType_v3.0.xsd,WQX.METRIC_TYPE.METTYP_ID (ACTIVITY_METRIC.METTYP_UID),METRIC_TYPE,METTYP_ID,,,,,,,,,
05.04.01.02,MetricTypeIdentifierContext,WQX_ActivityMetricType_v3.0.xsd,WQX.METRIC_TYPE_CONTEXT.MTCTX_CD (METRIC_TYPE.MTCTX_UID),METRIC_TYPE_CONTEXT,MTCTX_CD,,,,,,,,,
05.04.01.03,MetricTypeName,WQX_ActivityMetricType_v3.0.xsd,WQX.METRIC_TYPE.METTYP_NAME (ACTIVITY_METRIC.METTYP_UID),METRIC_TYPE,METTYP_NAME,,,,,,,,,
05.04.01.04 Header,MetricTypeCitation,,,,,,,,,,,,,
05.04.01.04.01,ResourceTitleName,WQX_BibliographicReference_v3.0.xsd,WQX.CITATION.CITATN_TITLE (METRIC_TYPE.CITATN_UID),CITATION,CITATN_TITLE,,,,,,,,,
05.04.01.04.02,ResourceCreatorName,WQX_BibliographicReference_v3.0.xsd,WQX.CITATION.CITATN_CREATOR (METRIC_TYPE.CITATN_UID),CITATION,CITATN_CREATOR,,,,,,,,,
05.04.01.04.03,ResourceSubjectText,WQX_BibliographicReference_v3.0.xsd,WQX.CITATION.CITATN_SUBJECT (METRIC_TYPE.CITATN_UID),CITATION,CITATN_SUBJECT,,,,,,,,,
05.04.01.04.04,ResourcePublisherName,WQX_BibliographicReference_v3.0.xsd,WQX.CITATION.CITATN_PUBLISHER (METRIC_TYPE.CITATN_UID),CITATION,CITATN_PUBLISHER,,,,,,,,,
05.04.01.04.05,ResourceDate,WQX_BibliographicReference_v3.0.xsd,WQX.CITATION.CITATN_DATE (METRIC_TYPE.CITATN_UID),CITATION,CITATN_DATE,,,,,,,,,
05.04.01.04.06,ResourceIdentifier,WQX_BibliographicReference_v3.0.xsd,WQX.CITATION.CITATN_ID (METRIC_TYPE.CITATN_UID),CITATION,CITATN_ID,,,,,,,,,
05.04.01.05,MetricTypeScaleText,WQX_ActivityMetricType_v3.0.xsd,WQX.METRIC_TYPE.METTYP_SCALE,METRIC_TYPE,METTYP_SCALE,,,,,,,,,
05.04.01.06,FormulaDescriptionText,WQX_ActivityMetricType_v3.0.xsd,WQX.METRIC_TYPE.METTYP_FORMULA_DESC,METRIC_TYPE,METTYP_FORMULA_DESC,,,,,,,,,
05.04.02 Header,MetricValueMeasure,,,,,,,,,,,,,
05.04.02.01,MeasureValue,WQX_MeasureCompact_v3.0.xsd,WQX.ACTIVITY_METRIC.ACTMET_VALUE,ACTIVITY_METRIC,ACTMET_VALUE,,,,,,,,,
05.04.02.02,MeasureUnitCode,WQX_MeasureCompact_v3.0.xsd,WQX.MEASUREMENT_UNIT.MSUNT_CD (ACTIVITY_METRIC.MSUNT_UID_VALUE),MEASUREMENT_UNIT,MSUNT_CD,,,,,,,,,
05.04.03,MetricScore,WQX_ActivityMetric_v3.0.xsd,WQX.ACTIVITY_METRIC.ACTMET_SCORE,ACTIVITY_METRIC,ACTMET_SCORE,,,,,,,,,
05.04.04,MetricSamplingPointPlaceInSeries,WQX_ActivityMetric_v3.0.xsd,WQX.ACTIVITY_METRIC.ACTMET_SAM_PT_PLACE_IN_SERIES,ACTIVITY_METRIC,ACTMET_SAM_PT_PLACE_IN_SERIES,,,,,,,,,
05.04.05,MetricCommentText,WQX_ActivityMetric_v3.0.xsd,WQX.ACTIVITY_METRIC.ACTMET_COMMENT,ACTIVITY_METRIC,ACTMET_COMMENT,,,,,,,,,
05.04.06,IndexIdentifier,WQX_ActivityMetric_v3.0.xsd,BIOLOGICAL_HABITAT_INDEX.BHIDX_ID  (WQX.ACTIVITY_METRIC_INDEX.BHIDX_UID),BIOLOGICAL_HABITAT_INDEX,BHIDX_ID,,,,,,,,,
05.05.00 Header,ActivityAttachedBinaryObject,,"WQX.ATTACHED_OBJECT (REF_UID=act_uid,TBL_UID=3)",,,,,,,,,,,
05.05.01,BinaryObjectFileName,WQX_AttachedBinaryObject_v3.0.xsd,WQX.ATTACHED_OBJECT.ATOBJ_FILE_NAME,ATTACHED_OBJECT,ATOBJ_FILE_NAME,,TSRFDACT,BLOB_TITLE,User-defined Title of the BLOB Content.,,ESAR - Binary,    BinaryObjectFileName,"The text describing the descriptive name used to represent the file, including file extension.",Compliant
05.05.02,BinaryObjectFileTypeCode,WQX_AttachedBinaryObject_v3.0.xsd,WQX.ATTACHED_OBJECT.ATOBJ_TYPE,ATTACHED_OBJECT,ATOBJ_TYPE,,TSRFDACT,BLOB_TYPE,"File types permitted for BLOB content. BLOBs (Binary Large Objects) are typically entire files whos content extends and further defines the Project. A single BLOB of type PDF might contain the complete project design specification as published by the project
manager.",,ESAR - Binary,    BinaryObjectFileType,The text or acronym describing the binary content type of a file.,Compliant
06.00.00 Header,Result,,,,,,,,,,,,,
06.00.01,DataLoggerLineName,WQX_ResultDescription_v3.0.xsd,WQX.RESULT.RES_DATA_LOGGER_LINE,RESULT,RES_DATA_LOGGER_LINE,,TSRDLIN,LINE_NUMBER,"The mandatory, user-assigned number representing a single recording event during the deployment of a hand-held data logger.",,,,,Business Decision: No corresponding element found in EDSC standards.
06.00.02,ResultDetectionConditionText,WQX_ResultDescription_v3.0.xsd,WQX.RESULT_DETECTION_CONDITION.RDCND_NAME (RESULT.RDCND_UID),RESULT_DETECTION_CONDITION,RDCND_NAME,,TSRRSULT,DETECT_COND_CD,"The text indicating whether a characteristic was detected, and if it was detected whether or not it was in a range which permitted it to
be quantified.",,,,,Business Decision: No corresponding element found in EDSC standards.
06.00.03,CharacteristicName,WQX_ResultDescription_v3.0.xsd,WQX.CHARACTERISTIC.CHR_NAME (RESULT.CHR_UID),CHARACTERISTIC,CHR_NAME,,TSRRSULT,TSRCHAR_IS_NUMBER,"The foreign key to TSRCHAR implements ""One Characteristic may be the thing measured or reported for many results.""",foreign key,ESAR,Substance Identifier,A designator used to uniquely identify a substance.,Business Decision: The team gave this much consideration and felt that CharacteristicName was a more appropriate term since non-substance related field assessment characteristics could be included.
06.00.04,CharacteristicNameUserSupplied,,WQX.RESULT.RES_CHR_NAME_USER_SUPPLIED,RESULT,RES_CHR_NAME_USER_SUPPLIED,,,,,,,,,
06.00.05,MethodSpeciationName,WQX_ResultDescription_v3.0.xsd,WQX.METHOD_SPECIATION.MTHSPC_NAME  (RESULT.MTHSPC_UID),METHOD_SPECIATION,MTHSPC_NAME,,,,,,,,,
06.00.06,ResultSampleFractionText,WQX_ResultDescription_v3.0.xsd,WQX.SAMPLE_FRACTION.SMFRC_NAME  (RESULT.SMFRC_UID,SAMPLE_FRACTION,SMFRC_NAME,,TSRRSULT,SMPL_FRAC_TYPE_NM,Description: The text name of the portion of the sample associated with results obtained from a physically-partitioned sample. Examples: - dissolved - suspended - tot,,ESAR,Result Basis Name,"The basis upon which the results were Calculated, within the Result Basis Category.","Business Decision: Instead of breaking these out individually, ESAR uses the generic Result Basis Category and Result Basis Name, which could be repeated. The team felt that separating out to specific Weight, Time, Temperature, etc elements would be more easily understood by the reporting community."
06.00.07 Header,ResultMeasure,,,,,,,,,,,,,
06.00.07.01,ResultMeasureValue,WQX_Measure_v3.0.xsd,WQX.RESULT.RES_MEASURE,RESULT,RES_MEASURE,,TSRRSULT,VALUE_MEASURE,"The numeric representation of the result of analyzing a Characteristic with an Analytical Procedure. Note: This value will be determined by converting the text values from Value Text. This conversion to numeric is always attempted during data entry, and when successful, its result is placed in this field.",,ESAR / Measure,Result Value Measure / Measure Value,"The recorded dimension, capacity, quality, or amount of something ascertained by measuring or observing.",Compliant
06.00.07.02,MeasureUnitCode,WQX_Measure_v3.0.xsd,WQX.MEASUREMENT_UNIT.MSUNT_CD (RESULT.MSUNT_UID_MEASURE),MEASUREMENT_UNIT,MSUNT_CD,,TSRRSULT,TSRUOM_IS_NUMBER,"The foreign key to TSRUOM implements ""One Unit of Measure may apply to many Results.""",foreign key,ESAR / Measure,Result Value Measure / Measure Unit Code,The code that represents the unit for measuring the item.,Compliant
06.00.07.03,MeasureQualifierCode,WQX_Measure_v3.0.xsd,WQX.MEASURE_QUALIFIER.MSRQLF_CD (RESULT.RMQLF_UID),MEASURE_QUALIFIER,MSRQLF_CD,,,,,,ESAR / Measure,Result Value Measure / Measure Qualifier Code,A code used to identify any qualifying issues that affect the results.,Compliant
06.00.08,TargetCount,WQX_ResultDescription_v3.0.xsd,WQX.RESULT_TARGET_COUNT.RTC_NAME (RESULT.RTC_UID),RESULT_TARGET_COUNT,RTC_NAME,,,,,,,,,
06.00.09,ProportionSampleProcessedNumeric,WQX_ResultDescription_v3.0.xsd,WQX.RESULT.RES_PROPORTION_SMPL_PROCESSED,RESULT,RES_PROPORTION_SMPL_PROCESSED,,,,,,,,,
06.00.10,ResultStatusIdentifier,WQX_ResultDescription_v3.0.xsd,WQX.RESULT_STATUS.RESSTA_NAME  (RESULT.RESSTA_UID),RESULT_STATUS,RESSTA_NAME,,TSRRSULT,VALUE_STATUS,Result value is either Preliminary or Final. This attribute will be used for query purposes. Values marked as Preliminary are not displayed for public access on STORET Internet sites.,,ESAR,Result Status Identifier,Indicates the acceptability of the result with respect to QA/QC criteria. ,Compliant
06.00.11,StatisticalBaseCode,WQX_ResultDescription_v3.0.xsd,WQX.RESULT_STATISTICAL_BASE.RSBAS_NAME  (RESULT.RSBAS_UID),RESULT_STATISTICAL_BASE,RSBAS_NAME,,TSRRSULT,STATISTIC_TYPE_NM,"A statistic or calculation type which describes the reported result (e.g., average, mode, median, MPN).",,ESAR,StatisticalBaseCode,Identifier or code for the method used to calculate derived results.,Compliant
06.00.12,StatisticalNValueNumeric,WQX_ResultDescription_v3.0.xsd,WQX.RESULT.RES_STATISTIC_N_VALUE,RESULT,RES_STATISTIC_N_VALUE,,,,,,,,,
06.00.13,ResultValueTypeName,WQX_ResultDescription_v3.0.xsd,WQX.RESULT_VALUE_TYPE.RVTYP_NAME  (RESULT.RVTYP_UID),RESULT_VALUE_TYPE,RVTYP_NAME,,TSRRSULT,VALUE_TYPE_NAME,"A name that represents the process which was used in the determination of the result value(e.g., actual, estimated, calculated).",,,,,Business Decision: No corresponding element found in EDSC standards.
06.00.14,ResultWeightBasisText,WQX_ResultDescription_v3.0.xsd,WQX.RESULT_WEIGHT_BASIS.RWBAS_NAME (RESULT.RWBAS_UID),RESULT_WEIGHT_BASIS,RWBAS_NAME,,TSRRSULT,WT_BASIS_TYPE_NM,"The name that represents the form of the sample or portion of the sample which is associated with the result value (e.g., wet weight, dry weight, ash-free dry weight).",,ESAR,"Result Basis Category
and
Result Basis Name",ESAR uses these two fields to capture multiple basis types.,"Business Decision: Instead of breaking these out individually, ESAR uses the generic Result Basis Category and Result Basis Name, which could be repeated. The team felt that separating out to specific Weight, Time, Temperature, etc elements would be more easily understood by the reporting community."
06.00.15,ResultTimeBasisText,WQX_ResultDescription_v3.0.xsd,WQX.RESULT_TIME_BASIS.RTIMB_NAME (RESULT.RTIMB_UID),RESULT_TIME_BASIS,RTIMB_NAME,,TSRRSULT,DUR_BASIS_TYPE_NM,"The period of time (in days) over which a measurement was made. For example, BOD can be measured as 5 day or 20 day BOD.",,ESAR,"Result Basis Category
and
Result Basis Name",ESAR uses these two fields to capture multiple basis types.,"Business Decision: Instead of breaking these out individually, ESAR uses the generic Result Basis Category and Result Basis Name, which could be repeated. The team felt that separating out to specific Weight, Time, Temperature, etc elements would be more easily understood by the reporting community."
06.00.16,ResultTemperatureBasisText,WQX_ResultDescription_v3.0.xsd,WQX.RESULT_TEMPERATURE_BASIS.RTMPB_NAME  (RESULT.RTMPB_UID),RESULT_TEMPERATURE_BASIS,RTMPB_NAME,,TSRRSULT,TEMP_BASIS_LVL_NM,The name that represents the controlled temperature at which the sample was maintained during analysis. ,,ESAR,"Result Basis Category
and
Result Basis Name",ESAR uses these two fields to capture multiple basis types.,"Business Decision: Instead of breaking these out individually, ESAR uses the generic Result Basis Category and Result Basis Name, which could be repeated. The team felt that separating out to specific Weight, Time, Temperature, etc elements would be more easily understood by the reporting community."
06.00.17,ResultParticleSizeBasisText,WQX_ResultDescription_v3.0.xsd,WQX.RESULT.RES_PARTICLE_SIZE_BASIS,RESULT,RES_PARTICLE_SIZE_BASIS,,TSRRCI,PARTICLE_SIZE_BASIS,User defined free text describing the particle size class for which the associated result is defined..,,ESAR,"Result Basis Category
and
Result Basis Name",ESAR uses these two fields to capture multiple basis types.,"Business Decision: Instead of breaking these out individually, ESAR uses the generic Result Basis Category and Result Basis Name, which could be repeated. The team felt that separating out to specific Weight, Time, Temperature, etc elements would be more easily understood by the reporting community."
06.00.18 Header,DataQuality,,,,,,,,,,,,,
06.00.18.01,PrecisionValue,WQX_DataQualityIndicator_v3.0.xsd,WQX.RESULT.RES_MEASURE_PRECISION,RESULT,RES_MEASURE_PRECISION,,TSRRSULT,PRECISION_AMT_TEXT,"Estimate of the maximum possible error in the result. (e.g., Counting error in determining
radiological beta particle counts.)",,ESAR / Measure,PrecisionValue,"A measure of mutual agreement among individual measurements of
the same property usually under prescribed similar conditions.",Compliant
06.00.18.02,BiasValue,WQX_DataQualityIndicator_v3.0.xsd,WQX.RESULT.RES_MEASURE_BIAS,RESULT,RES_MEASURE_BIAS,,TSRRSULT,BIAS,"A consistent deviation of measured values from the true value, caused by systematic errors in a procedure, as determined by applying identical procedures to a specimen of known properties.",,ESAR,BiasValue,The systematic or persistent distortion of a measurement process which causes error in one direction.,Compliant
06.00.18.03,ConfidenceIntervalValue,WQX_DataQualityIndicator_v3.0.xsd,WQX.RESULT.RES_MEASURE_CONF_INTERVAL,RESULT,RES_MEASURE_CONF_INTERVAL,,,,,,ESAR,ConfidenceIntervalValue,A range of values constructed so that this range has a specified probability of including the true population mean.,Compliant
06.00.18.04,UpperConfidenceLimitValue,WQX_DataQualityIndicator_v3.0.xsd,WQX.RESULT.RES_MEASURE_UPPER_CONF_LIMIT,RESULT,RES_MEASURE_UPPER_CONF_LIMIT,,,,,,ESAR,UpperConfidenceLimitValue,Value of the upper end of the confidence interval.,Compliant
06.00.18.05,LowerConfidenceLimitValue,WQX_DataQualityIndicator_v3.0.xsd,WQX.RESULT.RES_MEASURE_LOWER_CONF_LIMIT,RESULT,RES_MEASURE_LOWER_CONF_LIMIT,,,,,,ESAR,LowerConfidenceLimitValue,Value of the lower end of the confidence interval.,Compliant
06.00.19,ResultCommentText,WQX_DataQualityIndicator_v3.0.xsd,WQX.RESULT.RES_COMMENTS,RESULT,RES_COMMENTS,,TSMGNTXT,DESCRIPTION_TEXT,Comments made about the result.,,ESAR,Substance Analysis Comments,Comments related to the analysis of a particular substance.,Business Decision: Team needed term not explicitely linked to 'Substance')
06.00.20 Header ,ResultDepthHeightMeasure,,,,,,,,,,,,,
06.00.20.01,MeasureValue,WQX_MeasureCompact_v3.0.xsd,WQX.RESULT.RES_DEPTH_HEIGHT,RESULT,RES_DEPTH_HEIGHT,,,,,,,,,Business Decision: No corresponding element found in EDSC standards at the result level.
06.00.20.02,MeasureUnitCode,WQX_MeasureCompact_v3.0.xsd,WQX.MEASUREMENT_UNIT.MSUNT_CD (RESULT.MSUNT_UID_DEPTH_HEIGHT),MEASUREMENT_UNIT,MSUNT_CD,,,,,,,,,Business Decision: No corresponding element found in EDSC standards at the result level.
06.00.21,ResultDepthAltitudeReferencePointText,WQX_ResultDescription_v3.0.xsd,WQX.RESULT.RES_DEPTH_ALTITUDE_REF_POINT,RESULT,RES_DEPTH_ALTITUDE_REF_POINT,,,,,,,,,Business Decision: No corresponding element found in EDSC standards at the result level.
06.00.22,ResultSamplingPointName,WQX_ResultDescription_v3.0.xsd,WQX.RESULT.RES_SAMPLING_POINT_NAME,RESULT,RES_SAMPLING_POINT_NAME,,,,,,,,,
06.00.23,ResultSamplingPointType,WQX_ResultDescription_v3.0.xsd,WQX.RESULT_SAMPLING_POINT_TYPE.RSPTYP_NAME (RESULT.RSPTYP_UID),RESULT_SAMPLING_POINT_TYPE,RSPTYP_NAME,,,,,,,,,
06.00.24,ResultSamplingPointPlaceInSeries,WQX_ResultDescription_v3.0.xsd,WQX.RESULT.RES_SAM_POINT_PLACE_IN_SERIES,RESULT,RES_SAM_POINT_PLACE_IN_SERIES,,,,,,,,,
06.00.25,ResultSamplingPointCommentText,WQX_ResultDescription_v3.0.xsd,WQX.RESULT.RES_SAMPLING_POINT_COMMENT,RESULT,RES_SAMPLING_POINT_COMMENT,,,,,,,,,
06.00.26,RecordIdentifierUserSupplied,WQX_ResultDescription_v3.0.xsd,WQX.RESULT.RES_RECORD_ID_USR_SUPPLIED,RESULT,RES_RECORD_ID_USR_SUPPLIED,,,,,,ESAR,UpperConfidenceLimitValue,Value of the upper end of the confidence interval.,Compliant
06.01.00 Header,BiologicalResultDescription,,,,,,,,,,,,,
06.01.01,BiologicalIntentName,WQX_BiologicalResultDescription_v3.0.xsd,WQX.RESULT.BIOLOGICAL_INTENT (WQX.RESULT.BIOINT_UID),RESULT,BIOLOGICAL_INTENT,,TSRBIOPT,NAME,The usual anatomical term which identifies the portion of an organism to be analyzed.,Linked via TSRBIOPT_IS_NUMBER in TSRFDACT,,,,
06.01.02,BiologicalIndividualIdentifier,WQX_BiologicalResultDescription_v3.0.xsd,WQX.RESULT.RES_BIO_INDIVIDUAL_ID,RESULT,RES_BIO_INDIVIDUAL_ID,,,,,,,,,
06.01.03,SubjectTaxonomicName,WQX_BiologicalResultDescription_v3.0.xsd,WQX.TAXON.TAX_NAME (RESULT.TAX_UID),TAXON,TAX_NAME,,,,,,,,,
06.01.04,SubjectTaxonomicNameUserSupplied,WQX_BiologicalResultDescription_v3.0.xsd,WQX.RESULT.RES_TAX_NAME_USER_SUPPLIED,RESULT,RES_TAX_NAME_USER_SUPPLIED,,,,,,,,,
06.01.05,SubjectTaxonomicNameUserSuppliedReferenceText,WQX_BiologicalResultDescription_v3.0.xsd,WQX.RESULT.RES_TAX_NAME_USER_SUPPLIED_REF,RESULT,RES_TAX_NAME_USER_SUPPLIED_REF,,,,,,,,,
06.01.06,UnidentifiedSpeciesIdentifier,WQX_BiologicalResultDescription_v3.0.xsd,WQX.RESULT.RES_SPECIES_ID,RESULT,RES_SPECIES_ID,,,,,,,,,
06.01.07,SampleTissueAnatomyName,WQX_BiologicalResultDescription_v3.0.xsd,WQX.SAMPLE_TISSUE_ANATOMY.STANT_NAME  (RESULT.STANT_UID),SAMPLE_TISSUE_ANATOMY,STANT_NAME,,,,,,,,,Business Decision: No corresponding element found in EDSC standards.
06.01.08,GroupSummaryCount,,WQX.RESULT.RES_GROUP_SUMMARY_CT,RESULT,RES_GROUP_SUMMARY_CT,,,,,,,,,
06.01.09  Header,GroupSummaryWeightMeasure,,,,,,,,,,,,,
06.01.09.01,MeasureValue,WQX_MeasureCompact_v3.0.xsd,WQX.RESULT.RES_GROUP_SUMMARY_CT_WT,RESULT,RES_GROUP_SUMMARY_CT_WT,,,,,,,,,
06.01.09.02,MeasureUnitCode,WQX_MeasureCompact_v3.0.xsd,WQX.MEASUREMENT_UNIT.MSUNT_CD (RESULT.MSUNT_UID_GROUP_SUMMARY_CT_WT),MEASUREMENT_UNIT,MSUNT_CD,,,,,,,,,
06.01.10 Header,TaxonomicDetails,,,,,,,,,,,,,
06.01.10.01,CellFormName,WQX_TaxonomicDetails_v3.0.xsd,WQX.CELL_FORM.CELFRM_NAME  (RESULT_TAXON_DETAIL.CELFRM_UID),CELL_FORM,CELFRM_NAME,,,,,,,,,
06.01.10.02,CellShapeName,WQX_TaxonomicDetails_v3.0.xsd,WQX.CELL_SHAPE.CELSHP_NAME  (RESULT_TAXON_DETAIL.CELSHP_UID),CELL_SHAPE,CELSHP_NAME,,,,,,,,,
06.01.10.03,HabitName,WQX_TaxonomicDetails_v3.0.xsd,WQX.HABIT.HABIT_NAME  (RESULT_TAXON_HABIT.HABIT_UID),HABIT,HABIT_NAME,,,,,,,,,
06.01.10.04,VoltinismName,WQX_TaxonomicDetails_v3.0.xsd,WQX.VOLTINISM.VOLT_NAME  (RESULT_TAXON_DETAIL.VOLT_UID),VOLTINISM,VOLT_NAME,,,,,,,,,
06.01.10.05,TaxonomicPollutionTolerance,WQX_TaxonomicDetails_v3.0.xsd,WQX.RESULT_TAXON_DETAIL.RTDET_POLLUTION_TOLERANCE (RESULT_TAXON_DETAIL.RES_UID),RESULT_TAXON_DETAIL,RTDET_POLLUTION_TOLERANCE,,,,,,,,,
06.01.10.06,TaxonomicPollutionToleranceScaleText,WQX_TaxonomicDetails_v3.0.xsd,WQX.RESULT_TAXON_DETAIL.RTDET_POLLUTION_TOLERANCE (RESULT_TAXON_DETAIL.RES_UID),RESULT_TAXON_DETAIL,RTDET_POLLUTION_TOLERANCE,,,,,,,,,
06.01.10.07,TrophicLevelName,WQX_TaxonomicDetails_v3.0.xsd,WQX.RESULT_TAXON_DETAIL.RTDET_TROPHIC_LEVEL (RESULT_TAXON_DETAIL.RES_UID),RESULT_TAXON_DETAIL,RTDET_TROPHIC_LEVEL,,,,,,,,,
06.01.10.08,FunctionalFeedingGroupName,WQX_TaxonomicDetails_v3.0.xsd,WQX.RESULT_TAXON_FEEDING_GROUP. RTFGRP_FUNCTIONAL_FEEDING_GRP  (RESULT_TAXON_FEEDING_GROUP.RES_UID),RESULT_TAXON_FEEDING_GROUP, RTFGRP_FUNCTIONAL_FEEDING_GRP,,,,,,,,,
06.01.10.09 Header,TaxonomicDetailsCitation,,,,,,,,,,,,,
06.01.10.09.01,ResourceTitleName,WQX_BibliographicReference_v3.0.xsd,WQX.CITATION.CITATN_TITLE (RESULT_TAXON_DETAIL.CITATN_UID),CITATION,CITATN_TITLE,,,,,,,,,
06.01.10.09.02,ResourceCreatorName,WQX_BibliographicReference_v3.0.xsd,WQX.CITATION.CITATN_CREATOR (RESULT_TAXON_DETAIL.CITATN_UID),CITATION,CITATN_CREATOR,,,,,,,,,
06.01.10.09.03,ResourceSubjectText,WQX_BibliographicReference_v3.0.xsd,WQX.CITATION.CITATN_SUBJECT (RESULT_TAXON_DETAIL.CITATN_UID),CITATION,CITATN_SUBJECT,,,,,,,,,
06.01.10.09.04,ResourcePublisherName,WQX_BibliographicReference_v3.0.xsd,WQX.CITATION.CITATN_PUBLISHER (RESULT_TAXON_DETAIL.CITATN_UID),CITATION,CITATN_PUBLISHER,,,,,,,,,
06.01.10.09.05,ResourceDate,WQX_BibliographicReference_v3.0.xsd,WQX.CITATION.CITATN_DATE (RESULT_TAXON_DETAIL.CITATN_UID),CITATION,CITATN_DATE,,,,,,,,,
06.01.10.09.06,ResourceIdentifier,WQX_BibliographicReference_v3.0.xsd,WQX.CITATION.CITATN_ID (RESULT_TAXON_DETAIL.CITATN_UID),CITATION,CITATN_ID,,,,,,,,,
06.01.10.10 Header,FrequencyClassInformation,,,,,,,,,,,,,
06.01.10.10.01,FrequencyClassDescriptorCode,WQX_FreqneucyClassInformation_v3.0.xsd,WQX.FREQUENCY_CLASS_DESCRIPTOR.FCDSC_NAME  (RESULT_FREQUENCY_CLASS.FCDSC_UID),FREQUENCY_CLASS_DESCRIPTOR,FCDSC_NAME,,,,,,,,,
06.01.10.10.02,FrequencyClassDescriptorUnitCode,WQX_FreqneucyClassInformation_v3.0.xsd,WQX.MEASUREMENT_UNIT.MSUNT_CD (RESULT_FREQUENCY_CLASS.MSUNT_UID),MEASUREMENT_UNIT,MSUNT_CD,,,,,,,,,
06.01.10.10.03,LowerClassBoundValue,WQX_FreqneucyClassInformation_v3.0.xsd,WQX.RESULT_FREQUENCY_CLASS.FCDSC_LOWER_BOUND (RESULT_FREQUENCY_CLASS.RES_UID),RESULT_FREQUENCY_CLASS,FCDSC_LOWER_BOUND,,,,,,,,,
06.01.10.10.04,UpperClassBoundValue,WQX_FreqneucyClassInformation_v3.0.xsd,WQX.RESULT_FREQUENCY_CLASS.FCDSC_UPPER_BOUND (RESULT_FREQUENCY_CLASS.RES_UID),RESULT_FREQUENCY_CLASS,FCDSC_UPPER_BOUND,,,,,,,,,
06.02.00 Header,AttachedBinaryObject,,"WQX.ATTACHED_OBJECT (REF_UID=res_uid,TBL_UID=5)",,,,,,,,,,,
06.02.01,BinaryObjectFileName,WQX_AttachedBinaryObject_v3.0.xsd,WQX.ATTACHED_OBJECT.ATOBJ_FILE_NAME,ATTACHED_OBJECT,ATOBJ_FILE_NAME,,RESULT,BLOB_TITLE,User-defined Title defining or describing the BLOB Content.,,ESAR - Binary,BinaryObjectFileName,"The text describing the descriptive name used to represent the file, including file extension.",Compliant
06.02.02,BinaryObjectFileTypeCode,WQX_AttachedBinaryObject_v3.0.xsd,WQX.ATTACHED_OBJECT.ATOBJ_TYPE,ATTACHED_OBJECT,ATOBJ_TYPE,,RESULT,BLOB_TYPE,"A result may be further described by a Binary Large Object, or BLOB. The BLOB may be a document or a graphic object. This field defines the type of BLOB which further defines this result. A foreign key in table TSMBLOB identifies the BLOB which is linked to the Station.",,ESAR - Binary,BinaryObjectFileType,The text or acronym describing the binary content type of a file.,Compliant
06.03.00 Header,ResultAnalyticalMethod,,,,,,,,,,,,,
06.03.01,MethodIdentifier,WQX_ResultAnalyticalMethod_v3.0.xsd,WQX.ANALYTICAL_METHOD.ANLMTH_ID (RESULT.ANLMTH_UID),ANALYTICAL_METHOD,ANLMTH_ID,,TSRANLPR,PROCEDURE_ID,The abbreviated name or identifying code of the analytical procedure.,,ESAR,SampleAnalyticalMethod / MethodIdentifier,The identification number or code assigned by the method publisher.,Compliant
06.03.02,MethodIdentifierContext,WQX_ResultAnalyticalMethod_v3.0.xsd,WQX.ANALYTICAL_METHOD_CONTEXT.AMCTX_CD (ANALYTICAL_METHOD.AMCTX_UID),ANALYTICAL_METHOD_CONTEXT,AMCTX_CD,,TSRANLPR,TSRANLPR_ORG_ID,"The user-defined code that uniquely identifies the Organization to which each occurrence of this table applies. This identifying attribute
has been added to this table for purposes of application security. Security is driven by user access to a given Organization(s).",,ESAR,SampleAnalyticalMethod / MethodIdentifier Context (meta data),Identifies the source or data system that created or defined the identifier.,Compliant
06.03.03,MethodName,WQX_ResultAnalyticalMethod_v3.0.xsd,WQX.ANALYTICAL_METHOD.ANLMTH_NAME (RESULT.ANLMTH_UID),ANALYTICAL_METHOD,ANLMTH_NAME,,TSRANLPR,NAME,The full title of the analytical procedure.,,ESAR,SampleAnalyticalMethod / MethodName,The title that appears on the method from the method publisher.,Compliant
06.03.04,MethodQualifierTypeName,WQX_ResultAnalyticalMethod_v3.0.xsd,WQX.ANALYTICAL_METHOD.ANLMTH_QUAL_TYPE (RESULT.ANLMTH_UID),ANALYTICAL_METHOD,ANLMTH_QUAL_TYPE,,,,,,ESAR,SampleAnalyticalMethod / MethodQualifierType,"Identifier of type of method that identifies it as reference, equivalent, or other.",Compliant
06.03.05,MethodDescriptionText,WQX_ResultAnalyticalMethod_v3.0.xsd,WQX.ANALYTICAL_METHOD.ANLMTH_DESC (RESULT.ANLMTH_UID),ANALYTICAL_METHOD,ANLMTH_DESC,,,,,,ESAR,SampleAnalyticalMethod / MethodDescriptionText,A brief summary that provides general information about the method.,Compliant
06.04.00 Header,ComparableAnalyticalMethod,,,,,,,,,,,,,
06.04.01,MethodIdentifier,WQX_ComparableAnalyticalMethod_v3.0.xsd,WQX.ANALYTICAL_METHOD.ANLMTH_ID (RESULT.ANLMTH_UID_COMPARABLE),ANALYTICAL_METHOD,ANLMTH_ID,,,,,,ESAR,SampleAnalyticalMethod / MethodIdentifier,The identification number or code assigned by the method publisher.,Compliant
06.04.02,MethodIdentifierContext,WQX_ComparableAnalyticalMethod_v3.0.xsd,WQX.ANALYTICAL_METHOD_CONTEXT.AMCTX_CD (ANALYTICAL_METHOD.AMCTX_UID),ANALYTICAL_METHOD_CONTEXT,AMCTX_CD,,,,,,ESAR,SampleAnalyticalMethod / MethodIdentifier Context (meta data),Identifies the source or data system that created or defined the identifier.,Compliant
06.04.03,MethodModificationText,WQX_ComparableAnalyticalMethod_v3.0.xsd,WQX.RESULT.RES_ANLMTH_COMPARE_MODIFICATN,RESULT,RES_ANLMTH_COMPARE_MODIFICATN,,,,,,ESAR,SampleAnalyticalMethod / MethodName,The title that appears on the method from the method publisher.,Compliant
06.05.00 Header,ResultLabInformation,,,,,,,,,,,,,
06.05.01,LaboratoryName,WQX_ResultLabInformation_v3.0.xsd,WQX.RESULT.RES_LAB_NAME,RESULT,RES_LAB_NAME,,RESULT,NAME,The formal title of the laboratory facility.,,ESAR /Contact,LaboratoryOrganizationContact / OrganizationFormalName,The principal organization to contact with questions about this laboratory analysis data.,"Business Decision: WQX team decided not to reference ESAR Laboratory Contact (15 fields), since team needed only 1 field, or having an element name called OrganizationFormalName, which isn't as clear as term used."
06.05.02,AnalysisStartDate,WQX_ResultLabInformation_v3.0.xsd,WQX.RESULT.RES_LAB_ANALYSIS_START_DATE,RESULT,RES_LAB_ANALYSIS_START_DATE,,TSRRSULT,ANALYSIS_DATE,The date on which laboratory analysis of the sample for this particular result was performed.,,ESAR,Analysis Start Date,The calendar date on which the analysis began.,Compliant
06.05.03 Header,AnalysisStartTime,,,,,,,,,,,,,
06.05.03.01,Time,WQX_WQXTime_v3.0.xsd,WQX.RESULT.RES_LAB_ANALYSIS_START_TIME,RESULT,RES_LAB_ANALYSIS_START_TIME,,TSRRSULT,ANALYSIS_TIME,The time of day at which laboratory analysis of the sample for this particular result was performed.,,ESAR,Analysis Start Time,The local time when the analysis began.,Compliant
06.05.03.02,TimeZoneCode,WQX_WQXTime_v3.0.xsd,WQX.TIME_ZONE.TMZONE_CD (RESULT.TMZONE_UID_LAB_ANALYSIS_START),TIME_ZONE,TMZONE_CD,,TSRFDACT,ANALYSIS_TIME_ZONE,The time zone for which the time of day is reported. Any of the longitudinal divisions of the earth's surface in which a standard time is kept. Each zone observes a clock time one hour earlier than the zone immediately to the east. ,,,,,
06.05.04,AnalysisEndDate,WQX_ResultLabInformation_v3.0.xsd,WQX.RESULT.RES_LAB_ANALYSIS_END_DATE,RESULT,RES_LAB_ANALYSIS_END_DATE,,TSRRSULT,ANALYSIS_DATE,The date on which laboratory analysis of the sample for this particular result was performed.,,ESAR,Analysis End Date,The calendar date on which the analysis was finished.,Compliant
06.05.05 Header,AnalysisEndTime,,,,,,,,,Multiple map destinations / may not be exact match,,,,
06.05.05.01,Time,WQX_WQXTime_v3.0.xsd,WQX.RESULT.RES_LAB_ANALYSIS_END_TIME,RESULT,RES_LAB_ANALYSIS_END_TIME,,TSRRSULT,ANALYSIS_TIME,The time of day at which laboratory analysis of the sample for this particular result was performed.,foreign key,ESAR,Analysis End TIme,The local time when the analysis was finished.,Compliant
06.05.05.02,TimeZoneCode,WQX_WQXTime_v3.0.xsd,WQX.TIME_ZONE.TMZONE_CD (RESULT.TMZONE_UID_LAB_ANALYSIS_END),TIME_ZONE,TMZONE_CD,,TSRRSULT,ANALYSIS_TIME_ZONE,The time zone for which the time of day is reported. Any of the longitudinal divisions of the earth's surface in which a standard time is kept. Each zone observes a clock time one hour earlier than the zone immediately to the east. ,,,,,
06.05.06,LaboratoryCommentText,WQX_ResultLabInformation_v3.0.xsd,WQX.RESULT.RES_LABORATORY_COMMENT,RESULT,RES_LABORATORY_COMMENT,,TSRLBRMK,SHORT_NAME,"An Organization defined cryptic code which will represent a particular laboratory remark. Used as a shorthand or abbreviation to
represent the Laboratory Remark in batch data update runs.",,,,,
06.05.07 Header,ResultDetectionQuantitationLimit,,,,,,,,,,,,,
06.05.07.01,DetectionQuantitationLimitTypeName,WQX_DetectionQuantitationLimit_v3.0.xsd,WQX.DETECTION_QUANT_LIMIT_TYPE.DQLTYP_NAME (RESULT_DETECT_QUANT_LIMIT.DQLTYP_UID),DETECTION_QUANT_LIMIT_TYPE,DQLTYP_NAME,,TSRUOM_IS_NUMBER,,,,ESAR,"Detection Limit Type 
or
Reporting Limit Type","One of a list of client, regulation, or organization defined acronyms or statistic methodologies that specify the type of detection limit used for analysis. 
Or
One of a list of client, regulation, or organization defined acronyms or statistical methodologies that specify the type of reporting limit.",Business Decision: ESAR uses Detection Limit and Reporting Limit as separate fields. The team decided to combine these into 1 field that could be reported multiple times for each result to simplify the reporting process. A type field is then used to distinguish the type of detection or reporting condition reported.
06.05.07.02 Header,DetectionQuantitationLimitMeasure,,,,,,,,,,,,,
06.05.07.02.01,MeasureValue,WQX_MeasureCompact_v3.0.xsd,WQX.RESULT_DETECT_QUANT_LIMIT.RDQLMT_MEASURE,RESULT_DETECT_QUANT_LIMIT,RDQLMT_MEASURE,,TSRDQL,MIN_DETECT_LIMIT OR MAX_QUANT_LIMIT  OR  MIN_QUANT_LIMIT,"Represents the least amount of the target substance which could be detected by the instrument/analytical process employed to determine the result. Above this value the target substance is presumed to be present.
OR
Represents the largest amount of the target substance which could be quantified by the instrument/analytical process employed to
determine the result. Values above the minimum and below the maximum quantitation limits are reported as valid numeric results.
OR
Represents the least amount of the target substance which could be quantified by the instrument/analytical process employed to
determine the result. Values above the minimum and below the maximum quantitation limits are reported as valid numeric results.",,ESAR,"Detection Limit / Measure Value 
or
Reporting Limit / Measure Value","Constituent concentration that produces a signal sufficiently greater than the blank and can be detected within specified levels by good laboratories during routine operating conditions.
OR
Constituent concentration that, when processed through the complete method, produces a signal that is statistically different from a blank.",Business Decision: ESAR uses Detection Limit and Reporting Limit as separate fields. The team decided to combine these into 1 field that could be reported multiple times for each result to simplify the reporting process. A type field is then used to distinguish the type of detection or reporting condition reported.
06.05.07.02.02,MeasureUnitCode,WQX_MeasureCompact_v3.0.xsd,WQX.MEASUREMENT_UNIT.MSUNT_CD (RESULT_DETECT_QUANT_LIMIT.MSUNT_UID),MEASUREMENT_UNIT,MSUNT_CD,,TSRDQL,TSRUOM_IS_NUMBER,"The foreign key to TSRUOM implements ""One Unit of Measure may qualify one or more detection/quantitation limits.""",,ESAR,"Detection Limit / Measure Unit Code 
or
Reporting Limit / Measure Unit Code",The code that represents the unit for measuring the item.,Business Decision: ESAR uses Detection Limit and Reporting Limit as separate fields. The team decided to combine these into 1 field that could be reported multiple times for each result to simplify the reporting process. A type field is then used to distinguish the type of detection or reporting condition reported.
06.05.07.03,DetectionQuantitationLimitCommentText,WQX_DetectionQuantitationLimit_v3.0.xsd,WQX.RESULT_DETECT_QUANT_LIMIT.RDQLMT_COMMENT,RESULT_DETECT_QUANT_LIMIT,RDQLMT_COMMENT,,,,,,,,,
06.05.08,LaboratorySampleSplitRatio,WQX_ResultLabInformation_v3.0.xsd,WQX.RESULT.RES_LAB_SAMPLE_SPLIT_RATIO,RESULT,RES_LAB_SAMPLE_SPLIT_RATIO,,,,,,,,,
06.05.09,LaboratoryAccreditationIndicator,WQX_ResultLabInformation_v3.0.xsd,WQX.RESULT.RES_LAB_ACCRED_YN,RESULT,RES_LAB_ACCRED_YN,,,,,,,,,
06.05.10,LaboratoryAccreditationAuthorityName,WQX_ResultLabInformation_v3.0.xsd,WQX.RESULT.RES_LAB_ACCRED_AUTHORITY,RESULT,RES_LAB_ACCRED_AUTHORITY,,,,,,ESAR,Laboratory Accreditation Authority Name,An outside accreditation authority identifier.,Compliant
06.05.11,TaxonomistAccreditationIndicator,WQX_ResultLabInformation_v3.0.xsd,WQX.RESULT.RES_TAXONOMIST_ACCRED_YN,RESULT,RES_TAXONOMIST_ACCRED_YN,,,,,,,,,
06.05.12,TaxonomistAccreditationAuthorityName,WQX_ResultLabInformation_v3.0.xsd,WQX.RESULT.RES_TAXONOMIST_ACCRED_AUTHORTY,RESULT,RES_TAXONOMIST_ACCRED_AUTHORTY,,,,,,,,,
06.06.00 Header,LabSamplePreparation,,,,,,,,,,,,,
06.06.01 Header,LabSamplePreparationMethod,,,,,,,,,,,,,
06.06.01.01,MethodIdentifier,WQX_ReferenceMethod_v3.0.xsd,WQX.RESULT_LAB_SAMPLE_PREP.RLSPRP_METHOD_ID (RESULT.RES_UID),RESULT_LAB_SAMPLE_PREP,RLSPRP_METHOD_ID,,TSRLSPP,PREPARATION_ID,"The cryptic code that represents a particular sample preparation procedure. Used as a shorthand or abbreviation to represent the
Sample Preparation Procedure in batch data update runs.",,ESAR - Results / Method,Sample Preparation Method / Method Identifier,The identification number or code assigned by the method publisher.,Compliant
06.06.01.02,MethodIdentifierContext,WQX_ReferenceMethod_v3.0.xsd,WQX.RESULT_LAB_SAMPLE_PREP.RLSPRP_METHOD_CONTEXT (RESULT.RES_UID),RESULT_LAB_SAMPLE_PREP,RLSPRP_METHOD_CONTEXT,,TSRLSPP,TSRLSPP_ORG_ID,"The user-defined code that uniquely identifies the Organization to which each occurrence of this table applies. This identifying attribute
has been added to this table for purposes of application security. Security is driven by user access to a given Organization(s).",,ESAR - Results / Method,Sample Preparation Method / Method Identifier (metadata),Identifies the source or data system that created or defined the identifier.,Compliant
06.06.01.03,MethodName,WQX_ReferenceMethod_v3.0.xsd,WQX.RESULT_LAB_SAMPLE_PREP.RLSPRP_METHOD_NAME (RESULT.RES_UID),RESULT_LAB_SAMPLE_PREP,RLSPRP_METHOD_NAME,,TSRLSPP,NAME,The long name of the Sample Preparation Procedure.,,ESAR - Results / Method,Sample Preparation Method / Method Name,Identifying information about the method(s) followed to prepare a sample for analysis.,Compliant
06.06.01.04,MethodQualifierTypeName,WQX_ReferenceMethod_v3.0.xsd,WQX.RESULT_LAB_SAMPLE_PREP.RLSPRP_METHOD_QUAL_TYPE (RESULT.RES_UID),RESULT_LAB_SAMPLE_PREP,RLSPRP_METHOD_QUAL_TYPE,,,,,,ESAR - Results / Method,Sample Preparation Method / MethodQualifierType,"Identifier of type of method that identifies it as reference, equivalent, or other.",Compliant
06.06.01.05,MethodDescriptionText,WQX_ReferenceMethod_v3.0.xsd,WQX.RESULT_LAB_SAMPLE_PREP.RLSPRP_METHOD_DESC (RESULT.RES_UID),RESULT_LAB_SAMPLE_PREP,RLSPRP_METHOD_DESC,,,,,,ESAR - Results / Method,Sample Preparation Method / MethodDescriptionText,A brief summary that provides general information about the method.,Compliant
06.06.02,PreparationStartDate,WQX_LabSamplePreparation_v3.0.xsd,WQX.RESULT_LAB_SAMPLE_PREP.RLSPRP_START_DATE (RESULT.RES_UID),RESULT_LAB_SAMPLE_PREP,RLSPRP_START_DATE,,,,,,ESAR,PreparationStartDate,The calendar date when on which the preparation/extraction of the sample for analysis began.,Compliant
06.06.03 Header,PreparationStartTime,,,,,,,,,,,,,
06.06.03.01,Time,WQX_WQXTime_v3.0.xsd,WQX.RESULT_LAB_SAMPLE_PREP.RLSPRP_START_TIME (RESULT.RES_UID),RESULT_LAB_SAMPLE_PREP,RLSPRP_START_TIME,,No exact match found,,,,ESAR,PreparationStartTime,The local time when the preparation/extraction of the sample for analysis began.,Compliant
06.06.03.02,TimeZoneCode,WQX_WQXTime_v3.0.xsd,WQX.TIME_ZONE.TMZONE_CD (RESULT_LAB_SAMPLE_PREP.TMZONE_UID_START_TIME),TIME_ZONE,TMZONE_CD,,No exact match found,,,,,,,Business Decision: No corresponding element found in EDSC standards.
06.06.04,PreparationEndDate,WQX_LabSamplePreparation_v3.0.xsd,WQX.RESULT_LAB_SAMPLE_PREP.RLSPRP_END_DATE (RESULT.RES_UID),RESULT_LAB_SAMPLE_PREP,RLSPRP_END_DATE,,,,,,ESAR,PreparationEndDate,The calendar date when on which the preparation/extraction of the sample for analysis was finished.,Compliant
06.06.05 Header,PreparationEndTime,,,,,,,,,,,,,
06.06.05.01,Time,WQX_WQXTime_v3.0.xsd,WQX.RESULT_LAB_SAMPLE_PREP.RLSPRP_END_TIME (RESULT.RES_UID),RESULT_LAB_SAMPLE_PREP,RLSPRP_END_TIME,,No exact match found,,,,ESAR,PreparationEndTime,The local time when the preparation/extraction of the sample for analysis was finished.,Compliant
06.06.05.02,TimeZoneCode,WQX_WQXTime_v3.0.xsd,WQX.TIME_ZONE.TMZONE_CD (RESULT_LAB_SAMPLE_PREP.TMZONE_UID_END_TIME),TIME_ZONE,TMZONE_CD,,No exact match found,,,,,,,Business Decision: No corresponding element found in EDSC standards.
06.06.06,SubstanceDilutionFactor,WQX_LabSamplePreparation_v3.0.xsd,WQX.RESULT_LAB_SAMPLE_PREP.RLSPRP_DILUTION_FACTOR (RESULT.RES_UID),RESULT_LAB_SAMPLE_PREP,RLSPRP_DILUTION_FACTOR,,,,,,,,,
07.00 Header,ActivityGroup,,,,,,,,,,,,,
7.01,ActivityGroupIdentifier,WQX_ActivityGroup_v3.0.xsd,WQX.ACTIVITY_GROUP.ACTGRP_ID,ACTIVITY_GROUP,ACTGRP_ID,,,,,,,,,No corresponding element found in EDSC data standards.
7.02,ActivityGroupName,WQX_ActivityGroup_v3.0.xsd,WQX.ACTIVITY_GROUP.ACTGRP_NAME,ACTIVITY_GROUP,ACTGRP_NAME,,,,,,,,,No corresponding element found in EDSC data standards.
7.03,ActivityGroupTypeCode,WQX_ActivityGroup_v3.0.xsd,WQX.ACTIVITY_GROUP_TYPE.AGTYP_NAME (ACTIVITY_GROUP.AGTYP_UID),ACTIVITY_GROUP_TYPE,AGTYP_NAME,,,,,,,,,No corresponding element found in EDSC data standards.
7.04,ActivityIdentifier,WQX_ActivityGroup_v3.0.xsd,WQX.ACTIVITY.ACT_ID (ACTIVITY_GROUP_DETAIL.ACT_UID),ACTIVITY,ACT_ID,,,,,,,,,No corresponding element found in EDSC data standards.
,CharacteristicComparableName,,WQX.CHARACTERISTIC.CHR_NAME_COMPARABLE (RESULT.CHR_UID),CHARACTERISTIC,CHR_NAME_COMPARABLE,,,,,,,,,
,CharacteristicType,,WQX.CHARACTERISTIC_GROUP.CHRGRP_NAME (CHARACTERISTIC.CHR_UID),CHARACTERISTIC_GROUP,CHRGRP_NAME,,,,,,,,,
,OrganizationType,,WQX.ORGANIZATION.ORG_TYPE,ORGANIZATION,ORG_TYPE,,,,,,,,,
