"Sub.Category","Sort.Within.Category.Schema.Location","Data.Element.XML.Tag","Lookup.Table.Needed","Schema.3.0.File.Name","DeliveryOrder","Tables.and.Columns.Foreign.KEYS","WQX.Table.Name","WQX.Field.Name","WQX.Mapping.Comments","ActivityMetric","BasicBiological","BasicPhysicalChemical","BiologicalHabitatIndex","FullBiological","FullPhysicalChemical","ResultDetectionQuantitationLimit","SamplingActivity","FinalCsvFieldNameStandardized","EpaSuppliedCsvFieldName"
"ORG Description","01.00.01","OrganizationIdentifier","","WQX_OrganizationDescription_v3.0.xsd",1,"WQX.ORGANIZATION.ORG_ID","ORGANIZATION","ORG_ID",,"ActivityMetric","BasicBiological","BasicPhysicalChemical","BiologicalHabitatIndex","FullBiological","FullPhysicalChemical","ResultDetectionQuantitationLimit","SamplingActivity","OrganizationDescriptionText/OrganizationIdentifier","OrganizationIdentifier"
"ORG Description","01.00.02","OrganizationFormalName","","WQX_OrganizationDescription_v3.0.xsd",2,"WQX.ORGANIZATION.ORG_NAME","ORGANIZATION","ORG_NAME",,"ActivityMetric","BasicBiological","BasicPhysicalChemical","BiologicalHabitatIndex","FullBiological","FullPhysicalChemical","ResultDetectionQuantitationLimit","SamplingActivity","OrganizationDescriptionText/OrganizationFormalName","OrganizationFormalName"
"PROJ Description","02.00.01","ProjectIdentifier","","WQX_Project_v3.0.xsd",3,"WQX.PROJECT.PRJ_ID","PROJECT","PRJ_ID",,"ActivityMetric","BasicBiological","BasicPhysicalChemical","BiologicalHabitatIndex","FullBiological","FullPhysicalChemical","ResultDetectionQuantitationLimit","SamplingActivity","Project/ProjectIdentifier","ProjectIdentifier"
"PROJ Description","02.00.02","ProjectName","","WQX_Project_v3.0.xsd",4,"WQX.PROJECT.PRJ_NAME","PROJECT","PRJ_NAME",,"ActivityMetric","BasicBiological","BasicPhysicalChemical","BiologicalHabitatIndex","FullBiological","FullPhysicalChemical","ResultDetectionQuantitationLimit","SamplingActivity","Project/ProjectName","ProjectName"
"PROJ Description","02.00.05","QAPPApprovedIndicator","","WQX_Project_v3.0.xsd",5,"WQX.PROJECT.PRJ_QAPP_APPROVED_YN","PROJECT","PRJ_QAPP_APPROVED_YN",,,,,,"FullBiological","FullPhysicalChemical",,,"Project/QAPPApprovedIndicator","ProjectQAPPApprovedIndicator"
"PROJ Description","02.00.06","QAPPApprovalAgencyName","","WQX_Project_v3.0.xsd",6,"WQX.PROJECT.PRJ_QAPP_APPROVAL_AGENCY_NAME","PROJECT","PRJ_QAPP_APPROVAL_AGENCY_NAME",,,,,,"FullBiological","FullPhysicalChemical",,,"Project/QAPPApprovalAgencyName","ProjectQAPPApprovalAgencyName"
"PROJ Binary Object","02.01.01","BinaryObjectFileName","","WQX_AttachedBinaryObject_v3.0.xsd",7,"WQX.ATTACHED_OBJECT.ATOBJ_FILE_NAME","ATTACHED_OBJECT","ATOBJ_FILE_NAME",,,,,,"FullBiological","FullPhysicalChemical",,,"ProjectAttachedBinaryObject/BinaryObjectFileName","ProjectBinaryObjectFileName"
"PROJ Binary Object","02.01.02","BinaryObjectFileTypeCode","","WQX_AttachedBinaryObject_v3.0.xsd",8,"WQX.ATTACHED_OBJECT.ATOBJ_TYPE","ATTACHED_OBJECT","ATOBJ_TYPE",,,,,,"FullBiological","FullPhysicalChemical",,,"ProjectAttachedBinaryObject/BinaryObjectFileTypeCode","ProjectBinaryObjectFileTypeCode"
"Monitoring Location Identity","03.00.01","MonitoringLocationIdentifier","","WQX_MonitoringLocationIdentity_v3.0.xsd",9,"WQX.MONITORING_LOCATION.MLOC_ID","MONITORING_LOCATION","MLOC_ID",,"ActivityMetric","BasicBiological","BasicPhysicalChemical","BiologicalHabitatIndex","FullBiological","FullPhysicalChemical","ResultDetectionQuantitationLimit","SamplingActivity","MonitoringLocationIdentity/MonitoringLocationIdentifier","MonitoringLocationIdentifier"
"Monitoring Location Identity","03.00.02","MonitoringLocationName","","WQX_MonitoringLocationIdentity_v3.0.xsd",10,"WQX.MONITORING_LOCATION.MLOC_NAME","MONITORING_LOCATION","MLOC_NAME",,"ActivityMetric","BasicBiological","BasicPhysicalChemical","BiologicalHabitatIndex","FullBiological","FullPhysicalChemical","ResultDetectionQuantitationLimit","SamplingActivity","MonitoringLocationIdentity/MonitoringLocationName","MonitoringLocationName"
"Monitoring Location Identity","03.00.03","MonitoringLocationTypeName","","WQX_MonitoringLocationIdentity_v3.0.xsd",11,"WQX.MONITORING_LOCATION_TYPE.MLTYP_NAME  (MONITORING_LOCATION.MLTYP_UID)","MONITORING_LOCATION_TYPE","MLTYP_NAME",,"ActivityMetric","BasicBiological","BasicPhysicalChemical","BiologicalHabitatIndex","FullBiological","FullPhysicalChemical","ResultDetectionQuantitationLimit","SamplingActivity","MonitoringLocationIdentity/MonitoringLocationTypeName","MonitoringLocationTypeName"
"Monitoring Location Identity","03.00.04","MonitoringLocationDescriptionText","","WQX_MonitoringLocationIdentity_v3.0.xsd",12,"WQX.MONITORING_LOCATION.MLOC_DESC","MONITORING_LOCATION","MLOC_DESC",,"ActivityMetric","BasicBiological","BasicPhysicalChemical","BiologicalHabitatIndex","FullBiological","FullPhysicalChemical","ResultDetectionQuantitationLimit","SamplingActivity","MonitoringLocationIdentity/MonitoringLocationDescriptionText","MonitoringLocationDescriptionText"
,"03.00.04outbounda","StateName",,,13,,,,,"ActivityMetric","BasicBiological","BasicPhysicalChemical","BiologicalHabitatIndex","FullBiological","FullPhysicalChemical","ResultDetectionQuantitationLimit","SamplingActivity","MonitoringLocationIdentity/StateName","MonitoringLocationStateName"
,"03.00.04outboundb","CountryName",,,14,,,,,"ActivityMetric","BasicBiological","BasicPhysicalChemical","BiologicalHabitatIndex","FullBiological","FullPhysicalChemical","ResultDetectionQuantitationLimit","SamplingActivity","MonitoringLocationIdentity/CountryName","MonitoringLocationCountryName"
,"03.00.04outboundc","CountyName",,,15,,,,,"ActivityMetric","BasicBiological","BasicPhysicalChemical","BiologicalHabitatIndex","FullBiological","FullPhysicalChemical","ResultDetectionQuantitationLimit","SamplingActivity","MonitoringLocationIdentity/CountyName","MonitoringLocationCountyName"
"Monitoring Location Geospatial","03.01.11","CountryCode","","WQX_MonitoringLocationGeospatial_v3.0.xsd",16,"WQX.STATE.ST_CD (MONITORING_LOCATION.ST_UID)","STATE","ST_CD",,"ActivityMetric","BasicBiological","BasicPhysicalChemical","BiologicalHabitatIndex","FullBiological","FullPhysicalChemical","ResultDetectionQuantitationLimit","SamplingActivity","MonitoringLocationGeospatial/CountryCode","MonitoringLocationCountryCode"
,"03.01.12","StatePostalCode",,,17,,,,,"ActivityMetric","BasicBiological","BasicPhysicalChemical","BiologicalHabitatIndex","FullBiological","FullPhysicalChemical","ResultDetectionQuantitationLimit","SamplingActivity","MonitoringLocationGeospatial/StatePostalCode","MonitoringLocationStatePostalCode"
"Monitoring Location Geospatial","03.01.13","CountyCode","","WQX_MonitoringLocationGeospatial_v3.0.xsd",18,"WQX.COUNTY.CNTY_CD (MONITORING_LOCATION.CNTY_UID)","COUNTY","CNTY_CD",,"ActivityMetric","BasicBiological","BasicPhysicalChemical","BiologicalHabitatIndex","FullBiological","FullPhysicalChemical","ResultDetectionQuantitationLimit","SamplingActivity","MonitoringLocationGeospatial/CountyCode","MonitoringLocationCountyCode"
"Monitoring Location Identity","03.00.06","HUCTwelveDigitCode","","WQX_MonitoringLocationIdentity_v3.0.xsd",19,"WQX.MONITORING_LOCATION.MLOC_HUC_12","MONITORING_LOCATION","MLOC_HUC_12",,"ActivityMetric","BasicBiological","BasicPhysicalChemical","BiologicalHabitatIndex","FullBiological","FullPhysicalChemical","ResultDetectionQuantitationLimit","SamplingActivity","MonitoringLocationIdentity/HUCTwelveDigitCode","MonitoringLocationHUCTwelveDigitCode"
"Monitoring Location Identity","03.00.07","TribalLandIndicator","","WQX_MonitoringLocationIdentity_v3.0.xsd",20,"WQX.MONITORING_LOCATION.MLOC_TRIBAL_LAND_YN","MONITORING_LOCATION","MLOC_TRIBAL_LAND_YN",,"ActivityMetric","BasicBiological","BasicPhysicalChemical","BiologicalHabitatIndex","FullBiological","FullPhysicalChemical","ResultDetectionQuantitationLimit","SamplingActivity","MonitoringLocationIdentity/TribalLandIndicator","MonitoringLocationTribalLandIndicator"
"Monitoring Location Identity","03.00.08","TribalLandName","","WQX_MonitoringLocationIdentity_v3.0.xsd",21,"WQX.MONITORING_LOCATION.MLOC_TRIBAL_LAND_NAME","MONITORING_LOCATION","MLOC_TRIBAL_LAND_NAME",,"ActivityMetric","BasicBiological","BasicPhysicalChemical","BiologicalHabitatIndex","FullBiological","FullPhysicalChemical","ResultDetectionQuantitationLimit","SamplingActivity","MonitoringLocationIdentity/TribalLandName","MonitoringLocationTribalLandName"
"Monitoring Location Geospatial","03.01.01","LatitudeMeasure","","WQX_MonitoringLocationGeospatial_v3.0.xsd",22,"WQX.MONITORING_LOCATION.MLOC_LATITUDE","MONITORING_LOCATION","MLOC_LATITUDE",,"ActivityMetric","BasicBiological","BasicPhysicalChemical","BiologicalHabitatIndex","FullBiological","FullPhysicalChemical","ResultDetectionQuantitationLimit","SamplingActivity","MonitoringLocationGeospatial/LatitudeMeasure","MonitoringLocationLatitudeMeasure"
"Monitoring Location Geospatial","03.01.02","LongitudeMeasure","","WQX_MonitoringLocationGeospatial_v3.0.xsd",23,"WQX.MONITORING_LOCATION.MLOC_LONGITUDE","MONITORING_LOCATION","MLOC_LONGITUDE",,"ActivityMetric","BasicBiological","BasicPhysicalChemical","BiologicalHabitatIndex","FullBiological","FullPhysicalChemical","ResultDetectionQuantitationLimit","SamplingActivity","MonitoringLocationGeospatial/LongitudeMeasure","MonitoringLocationLongitudeMeasure"
"Monitoring Location Geospatial","03.01.07","HorizontalCoordinateReferenceSystemDatumName","","WQX_MonitoringLocationGeospatial_v3.0.xsd",24,"WQX.HORIZONTAL_COLLECTION_METHOD.HRDAT_NAME (MONITORING_LOCATION.HRDAT_UID)","HORIZONTAL_COLLECTION_METHOD","HRDAT_NAME",,"ActivityMetric","BasicBiological","BasicPhysicalChemical","BiologicalHabitatIndex","FullBiological","FullPhysicalChemical","ResultDetectionQuantitationLimit","SamplingActivity","MonitoringLocationGeospatial/HorizontalCoordinateReferenceSystemDatumName","MonitoringLocationHorizontalCoordinateDatumName"
,"03.01.07outbounda","LatitudeMeasureStandardized",,,25,,,,,"ActivityMetric","BasicBiological","BasicPhysicalChemical","BiologicalHabitatIndex","FullBiological","FullPhysicalChemical","ResultDetectionQuantitationLimit","SamplingActivity","MonitoringLocationGeospatial/LatitudeMeasureStandardized","MonitoringLocationLatitudeMeasureStandardized"
,"03.01.07outboundb","LongitudeMeasureStandardized",,,26,,,,,"ActivityMetric","BasicBiological","BasicPhysicalChemical","BiologicalHabitatIndex","FullBiological","FullPhysicalChemical","ResultDetectionQuantitationLimit","SamplingActivity","MonitoringLocationGeospatial/LongitudeMeasureStandardized","MonitoringLocationLongitudeMeasureStandardized"
,"03.01.07outboundc","HorizontalCoordinateStandardizedDatumName",,,27,,,,,"ActivityMetric","BasicBiological","BasicPhysicalChemical","BiologicalHabitatIndex","FullBiological","FullPhysicalChemical","ResultDetectionQuantitationLimit","SamplingActivity","MonitoringLocationGeospatial/HorizontalCoordinateStandardizedDatumName","MonitoringLocationHorizontalCoordinateStandardizedDatumName"
"Monitoring Location Identity","03.00.09.01","MonitoringLocationIdentifier","","WQX_AlternateMonitoringLocationIdentity_v3.0.xsd",28,"WQX.MONITORING_LOCATION_ALTERNATE.MLALT_ID (MONITORING_LOCATION.MLOC_UID)","MONITORING_LOCATION_ALTERNATE","MLALT_ID",,"ActivityMetric",,,"BiologicalHabitatIndex","FullBiological","FullPhysicalChemical","ResultDetectionQuantitationLimit","SamplingActivity","AlternateMonitoringLocationIdentity/MonitoringLocationIdentifierCount","AlternateMonitoringLocationIdentifierCounts"
,"04.01","IndexIdentifier",,,29,,,,,,,,"BiologicalHabitatIndex",,,,,"IndexIdentifier","IndexIdentifier"
"Biological Habitat Index","04.02.01","IndexTypeIdentifier","","WQX_IndexType_v3.0.xsd",30,"WQX.INDEX_TYPE.IDXTYP_ID","INDEX_TYPE","IDXTYP_ID",,,,,"BiologicalHabitatIndex",,,,,"IndexType/IndexTypeIdentifier","IndexTypeIdentifier"
"Biological Habitat Index","04.02.02","IndexTypeIdentifierContext","","WQX_IndexType_v3.0.xsd",31,"WQX.INDEX_TYPE.IDXTYP_CONTEXT","INDEX_TYPE","IDXTYP_CONTEXT",,,,,"BiologicalHabitatIndex",,,,,"IndexType/IndexTypeIdentifierContext","IndexTypeIdentifierContext"
"Biological Habitat Index","04.02.03","IndexTypeName","","WQX_IndexType_v3.0.xsd",32,"WQX.INDEX_TYPE.IDXTYP_NAME","INDEX_TYPE","IDXTYP_NAME",,,,,"BiologicalHabitatIndex",,,,,"IndexType/IndexTypeName","IndexTypeName"
"Biological Habitat Index","04.02.04.01","ResourceTitleName","","WQX_BibliographicReference_v3.0.xsd",33,"WQX.CITATION.CITATN_TITLE (INDEX_TYPE.CITATN_UID)","CITATION","CITATN_TITLE",,,,,"BiologicalHabitatIndex",,,,,"IndexTypeCitation/ResourceTitleName","ResourceTitleName"
"Biological Habitat Index","04.02.04.02","ResourceCreatorName","","WQX_BibliographicReference_v3.0.xsd",34,"WQX.CITATION.CITATN_CREATOR (INDEX_TYPE.CITATN_UID)","CITATION","CITATN_CREATOR",,,,,"BiologicalHabitatIndex",,,,,"IndexTypeCitation/ResourceCreatorName","ResourceCreatorName"
"Biological Habitat Index","04.02.04.03","ResourceSubjectText","","WQX_BibliographicReference_v3.0.xsd",35,"WQX.CITATION.CITATN_SUBJECT (INDEX_TYPE.CITATN_UID)","CITATION","CITATN_SUBJECT",,,,,"BiologicalHabitatIndex",,,,,"IndexTypeCitation/ResourceSubjectText","ResourceSubjectText"
"Biological Habitat Index","04.02.04.04","ResourcePublisherName","","WQX_BibliographicReference_v3.0.xsd",36,"WQX.CITATION.CITATN_PUBLISHER (INDEX_TYPE.CITATN_UID)","CITATION","CITATN_PUBLISHER",,,,,"BiologicalHabitatIndex",,,,,"IndexTypeCitation/ResourcePublisherName","ResourcePublisherName"
"Biological Habitat Index","04.02.04.05","ResourceDate","","WQX_BibliographicReference_v3.0.xsd",37,"WQX.CITATION.CITATN_DATE (INDEX_TYPE.CITATN_UID)","CITATION","CITATN_DATE",,,,,"BiologicalHabitatIndex",,,,,"IndexTypeCitation/ResourceDate","ResourceDate"
"Biological Habitat Index","04.02.04.06","ResourceIdentifier","","WQX_BibliographicReference_v3.0.xsd",38,"WQX.CITATION.CITATN_ID (INDEX_TYPE.CITATN_UID)","CITATION","CITATN_ID",,,,,"BiologicalHabitatIndex",,,,,"IndexTypeCitation/ResourceIdentifier","ResourceIdentifier"
"Biological Habitat Index","04.02.05","IndexTypeScaleText","","WQX_IndexType_v3.0.xsd",39,"WQX.INDEX_TYPE.IDXTYP_SCALE","INDEX_TYPE","IDXTYP_SCALE",,,,,"BiologicalHabitatIndex",,,,,"IndexTypeCitation/IndexTypeScaleText","IndexTypeScaleText"
,"04.03","IndexScore",,,40,,,,,,,,"BiologicalHabitatIndex",,,,,"IndexScoreNumeric","IndexScoreNumeric"
,"04.04","IndexQualifierCode",,,41,,,,,,,,"BiologicalHabitatIndex",,,,,"IndexQualifierCode","IndexQualifierCode"
,"04.05","IndexCommentText",,,42,,,,,,,,"BiologicalHabitatIndex",,,,,"IndexCommentText","IndexCommentText"
,"04.06","IndexCalculatedDate",,,43,,,,,,,,"BiologicalHabitatIndex",,,,,"IndexCalculatedDate","IndexCalculatedDate"
"ACTIVITY    
Description","05.00.01","ActivityIdentifier","","WQX_ActivityDescription_v3.0.xsd",44,"WQX.ACTIVITY.ACT_ID","ACTIVITY","ACT_ID",,"ActivityMetric","BasicBiological","BasicPhysicalChemical",,"FullBiological","FullPhysicalChemical","ResultDetectionQuantitationLimit","SamplingActivity","Activity/ActivityIdentifier","ActivityIdentifier"
"ACTIVITY    
Description","05.00.02","ActivityIdentifierUserSupplied","","WQX_ActivityDescription_v3.0.xsd",45,"WQX.ACTIVITY.ACT_ID_USER_SUPPLIED","ACTIVITY","ACT_ID_USER_SUPPLIED",,,"BasicBiological","BasicPhysicalChemical",,"FullBiological","FullPhysicalChemical",,"SamplingActivity","Activity/ActivityIdentifierUserSupplied","ActivityIdentifierUserSupplied"
"ACTIVITY    
Description","05.00.03","ActivityTypeCode","","WQX_ActivityDescription_v3.0.xsd",46,"WQX.ACTIVITY_TYPE.ACTYP_CD (ACTIVITY.ACTYP_UID)","ACTIVITY_TYPE","ACTYP_CD",,,"BasicBiological","BasicPhysicalChemical",,"FullBiological","FullPhysicalChemical",,"SamplingActivity","Activity/ActivityTypeCode","ActivityTypeCode"
"ACTIVITY    
Description","05.00.04","ActivityMediaName","","WQX_ActivityDescription_v3.0.xsd",47,"WQX.ACTIVITY_MEDIA.ACMED_NAME (ACTIVITY.ACMED_UID)","ACTIVITY_MEDIA","ACMED_NAME",,,"BasicBiological","BasicPhysicalChemical",,"FullBiological","FullPhysicalChemical",,"SamplingActivity","Activity/ActivityMediaName","ActivityMediaName"
"ACTIVITY    
Description","05.00.05","ActivityMediaSubdivisionName","","WQX_ActivityDescription_v3.0.xsd",48,"WQX.ACTIVITY_MEDIA_SUBDIVISION.AMSUB_NAME (ACTIVITY.AMSUB_UID)","ACTIVITY_MEDIA_SUBDIVISION","AMSUB_NAME",,,"BasicBiological","BasicPhysicalChemical",,"FullBiological","FullPhysicalChemical",,"SamplingActivity","Activity/ActivityMediaSubdivisionName","ActivityMediaSubdivisionName"
"ACTIVITY    
Description","05.00.18","SamplingComponentName","","WQX_ActivityDescription_v3.0.xsd",49,"WQX.ACTIVITY.ACT_SAM_COMPNT_NAME","ACTIVITY","ACT_SAM_COMPNT_NAME",,,,,,"FullBiological","FullPhysicalChemical",,,"ActivityBottomDepthHeightMeasure/SamplingComponentName","ActivitySamplingComponentName"
"BIOLOGICAL ACTIVITY    
Description","05.02.01","AssemblageSampledName","","WQX_BiologicalActivityDescription_v3.0.xsd",50,"WQX.ASSEMBLAGE.ASMBLG_NAME  (WQX.ACTIVITY.ASMBLG_UID)","ASSEMBLAGE","ASMBLG_NAME",,,"BasicBiological","BasicPhysicalChemical",,"FullBiological","FullPhysicalChemical",,"SamplingActivity","BiologicalActivityDescription/AssemblageSampledName","BiologicalActivityAssemblageSampledName"
"BIOLOGICAL ACTIVITY    
Description","05.02.03","ToxicityTestType","","WQX_BiologicalActivityDescription_v3.0.xsd",51,"WQX.TOXICITY_TEST_TYPE.TTTYP_NAME (ACTIVITY.TTTYP_UID)","TOXICITY_TEST_TYPE","TTTYP_NAME",,,,"BasicPhysicalChemical",,,"FullPhysicalChemical",,"SamplingActivity","BiologicalActivityDescription/ToxicityTestType","BiologicalActivityToxicityTestType"
"ACTIVITY    
Description","05.00.16","ActivityConductingOrganizationText","","WQX_ActivityDescription_v3.0.xsd",52,"WQX.ACTIVITY_CONDUCTING_ORG.ACORG_NAME (ACTIVITY.ACT_UID)","ACTIVITY_CONDUCTING_ORG","ACORG_NAME",,,,,,"FullBiological","FullPhysicalChemical",,,"ActivityBottomDepthHeightMeasure/ActivityConductingOrganizationText","ActivityConductingOrganizationText"
"ACTIVITY    
Description","05.00.19","ActivityCommentText","","WQX_ActivityDescription_v3.0.xsd",53,"WQX.ACTIVITY.ACT_COMMENTS","ACTIVITY","ACT_COMMENTS",,,"BasicBiological","BasicPhysicalChemical",,"FullBiological","FullPhysicalChemical",,"SamplingActivity","ActivityBottomDepthHeightMeasure/ActivityCommentText","ActivityCommentText"
"ACTIVITY
Location","05.01.01","LatitudeMeasure","","WQX_ActivityLocation_v3.0.xsd",54,"WQX.ACTIVITY.ACT_LOC_LATITUDE","ACTIVITY","ACT_LOC_LATITUDE",,,"BasicBiological","BasicPhysicalChemical",,"FullBiological","FullPhysicalChemical",,"SamplingActivity","ActivityLocation/LatitudeMeasure","ActivityLocationLatitudeMeasure"
"ACTIVITY
Location","05.01.02","LongitudeMeasure","","WQX_ActivityLocation_v3.0.xsd",55,"WQX.ACTIVITY.ACT_LOC_LONGITUDE","ACTIVITY","ACT_LOC_LONGITUDE",,,"BasicBiological","BasicPhysicalChemical",,"FullBiological","FullPhysicalChemical",,"SamplingActivity","ActivityLocation/LongitudeMeasure","ActivityLocationLongitudeMeasure"
,"05.01.02outbound","HorizontalCoordinateReferenceSystemDatumName",,"WQX_ActivityLocation_v3.0.xsd",56,"WQX.HORIZONTAL_REFERENCE_DATUM (WQX.ACTIVITY.HRDAT_UID)","HORIZONTAL_REFERENCE_DATUM","HRDAT_NAME",,,"BasicBiological","BasicPhysicalChemical",,"FullBiological","FullPhysicalChemical",,"SamplingActivity","ActivityLocation/HorizontalCoordinateReferenceSystemDatumName","ActivityLocationHorizontalCoordinateDatumName"
"ACTIVITY
Location","05.01.03","SourceMapScale","","WQX_ActivityLocation_v3.0.xsd",57,"WQX.ACTIVITY.ACT_LOC_SOURCE_MAP_SCALE","ACTIVITY","ACT_LOC_SOURCE_MAP_SCALE",,,,,,"FullBiological","FullPhysicalChemical",,"SamplingActivity","ActivityLocation/SourceMapScale","ActivityLocationSourceMapScale"
,"05.01.03outbounda","LatitudeMeasureStandardized",,,58,,,,,,"BasicBiological","BasicPhysicalChemical",,"FullBiological","FullPhysicalChemical",,"SamplingActivity","ActivityLocation/LatitudeMeasureStandardized","ActivityLocationLatitudeMeasureStandardized"
,"05.01.03outboundb","LongitudeMeasureStandardized",,,59,,,,,,"BasicBiological","BasicPhysicalChemical",,"FullBiological","FullPhysicalChemical",,"SamplingActivity","ActivityLocation/LongitudeMeasureStandardized","ActivityLocationLongitudeMeasureStandardized"
,"05.01.03outboundc","HorizontalCoordinateStandardizedDatumName",,,60,,,,,,"BasicBiological","BasicPhysicalChemical",,"FullBiological","FullPhysicalChemical",,"SamplingActivity","ActivityLocation/HorizontalCoordinateStandardizedDatumName","ActivityLocationHorizontalCoordinateStandardizedDatumName"
"ACTIVITY
Location","05.01.04.01","MeasureValue","","WQX_MeasureCompact_v3.0.xsd",61,"WQX.ACTIVITY.ACT_HORIZONTAL_ACCURACY","ACTIVITY","ACT_HORIZONTAL_ACCURACY",,,,,,"FullBiological","FullPhysicalChemical",,"SamplingActivity","HorizontalAccuracyMeasure/MeasureValue","ActivityLocationHorizontalAccuracyMeasureValue"
"ACTIVITY
Location","05.01.04.02","MeasureUnitCode","","WQX_MeasureCompact_v3.0.xsd",62,"WQX.MEASUREMENT_UNIT.MSUNT_CD (ACTIVITY.MSUNT_UID_HORIZONTAL_ACCURACY)","MEASUREMENT_UNIT","MSUNT_CD",,,,,,"FullBiological","FullPhysicalChemical",,"SamplingActivity","HorizontalAccuracyMeasure/MeasureUnitCode","ActivityLocationHorizontalAccuracyMeasureUnitCode"
"ACTIVITY
Location","05.01.05","HorizontalCollectionMethodName","","WQX_ActivityLocation_v3.0.xsd",63,"WQX.HORIZONTAL_COLLECTION_METHOD (WQX.ACTIVITY.HCMTH_UID)","HORIZONTAL_COLLECTION_METHOD","HCMTH_NAME",,,,,,"FullBiological","FullPhysicalChemical",,"SamplingActivity","HorizontalAccuracyMeasure/HorizontalCollectionMethodName","ActivityLocationHorizontalAccuracyMeasureCollectionMethodName"
"ACTIVITY
Location","05.01.07","ActivityLocationDescriptionText","","WQX_ActivityLocation_v3.0.xsd",64,"WQX.ACTIVITY.ACT_LOC_DESC","ACTIVITY","ACT_LOC_DESC",,,"BasicBiological","BasicPhysicalChemical",,"FullBiological","FullPhysicalChemical",,"SamplingActivity","HorizontalAccuracyMeasure/ActivityLocationDescriptionText","ActivityLocationDescriptionText"
"ACTIVITY    
Description","05.00.06","ActivityStartDate","","WQX_ActivityDescription_v3.0.xsd",65,"WQX.ACTIVITY.ACT_START_DATE","ACTIVITY","ACT_START_DATE",,,"BasicBiological","BasicPhysicalChemical",,"FullBiological","FullPhysicalChemical",,"SamplingActivity","Activity/ActivityStartDate","ActivityStartDate"
"ACTIVITY    
Description","05.00.07.01","Time","","WQX_WQXTime_v3.0.xsd",66,"WQX.ACTIVITY.ACT_START_TIME","ACTIVITY","ACT_START_TIME",,,"BasicBiological","BasicPhysicalChemical",,"FullBiological","FullPhysicalChemical",,"SamplingActivity","ActivityStartTime/Time","ActivityStartTime"
"ACTIVITY    
Description","05.00.07.02","TimeZoneCode","","WQX_WQXTime_v3.0.xsd",67,"WQX.TIME_ZONE.TMZONE_CD (ACTIVITY.TMZONE_UID_START_TIME)","TIME_ZONE","TMZONE_CD",,,"BasicBiological","BasicPhysicalChemical",,"FullBiological","FullPhysicalChemical",,"SamplingActivity","ActivityStartTime/TimeZoneCode","ActivityStartTimeZoneCode"
"ACTIVITY    
Description","05.00.08","ActivityEndDate","","WQX_ActivityDescription_v3.0.xsd",68,"WQX.ACTIVITY.ACT_END_DATE","ACTIVITY","ACT_END_DATE",,,"BasicBiological","BasicPhysicalChemical",,"FullBiological","FullPhysicalChemical",,"SamplingActivity","ActivityStartTime/ActivityEndDate","ActivityEndDate"
"ACTIVITY    
Description","05.00.09.01","Time","","WQX_WQXTime_v3.0.xsd",69,"WQX.ACTIVITY.ACT_END_TIME","ACTIVITY","ACT_END_TIME",,,"BasicBiological","BasicPhysicalChemical",,"FullBiological","FullPhysicalChemical",,"SamplingActivity","ActivityEndTime/Time","ActivityEndTime"
"ACTIVITY    
Description","05.00.09.02","TimeZoneCode","","WQX_WQXTime_v3.0.xsd",70,"WQX.TIME_ZONE.TMZONE_CD (ACTIVITY.TMZONE_UID_END_TIME)","TIME_ZONE","TMZONE_CD",,,"BasicBiological","BasicPhysicalChemical",,"FullBiological","FullPhysicalChemical",,"SamplingActivity","ActivityEndTime/TimeZoneCode","ActivityEndTimeZoneCode"
"ACTIVITY    
Description","05.00.11.01","MeasureValue","","WQX_MeasureCompact_v3.0.xsd",71,"WQX.ACTIVITY.ACT_DEPTH_HEIGHT","ACTIVITY","ACT_DEPTH_HEIGHT",,,"BasicBiological","BasicPhysicalChemical",,"FullBiological","FullPhysicalChemical",,"SamplingActivity","ActivityDepthHeightMeasure/MeasureValue","ActivityDepthHeightMeasureValue"
"ACTIVITY    
Description","05.00.11.02","MeasureUnitCode","","WQX_MeasureCompact_v3.0.xsd",72,"WQX.MEASUREMENT_UNIT.MSUNT_CD (ACTIVITY.MSUNT_UID_DEPTH_HEIGHT)","MEASUREMENT_UNIT","MSUNT_CD",,,"BasicBiological","BasicPhysicalChemical",,"FullBiological","FullPhysicalChemical",,"SamplingActivity","ActivityDepthHeightMeasure/MeasureUnitCode","ActivityDepthHeightMeasureUnitCode"
"ACTIVITY    
Description","05.00.14","ActivityDepthAltitudeReferencePointText","","WQX_ActivityDescription_v3.0.xsd",73,"WQX.ACTIVITY.ACT_DEPTH_ALTITUDE_REF_POINT","ACTIVITY","ACT_DEPTH_ALTITUDE_REF_POINT",,,"BasicBiological","BasicPhysicalChemical",,"FullBiological","FullPhysicalChemical",,"SamplingActivity","ActivityBottomDepthHeightMeasure/ActivityDepthAltitudeReferencePointText","ActivityDepthHeightMeasureAltitudeReferencePointText"
"ACTIVITY    
Description","05.00.10","ActivityRelativeDepthName","","WQX_ActivityDescription_v3.0.xsd",74,"RELATIVE_DEPTH.RELDPTH_NAME  (ACTIVITY.RELDPTH_UID)","RELATIVE_DEPTH","RELDPTH_NAME",,,"BasicBiological","BasicPhysicalChemical",,"FullBiological","FullPhysicalChemical",,"SamplingActivity","ActivityEndTime/ActivityRelativeDepthName","ActivityDepthHeightMeasureRelativeDepthName"
"ACTIVITY    
Description","05.00.12.01","MeasureValue","","WQX_MeasureCompact_v3.0.xsd",75,"WQX.ACTIVITY.ACT_DEPTH_HEIGHT_TOP","ACTIVITY","ACT_DEPTH_HEIGHT_TOP",,,"BasicBiological","BasicPhysicalChemical",,"FullBiological","FullPhysicalChemical",,"SamplingActivity","ActivityTopDepthHeightMeasure/MeasureValue","ActivityTopDepthHeightMeasureValue"
"ACTIVITY    
Description","05.00.12.02","MeasureUnitCode","","WQX_MeasureCompact_v3.0.xsd",76,"WQX.MEASUREMENT_UNIT.MSUNT_CD (ACTIVITY.MSUNT_UID_DEPTH_HEIGHT_TOP)","MEASUREMENT_UNIT","MSUNT_CD",,,"BasicBiological","BasicPhysicalChemical",,"FullBiological","FullPhysicalChemical",,"SamplingActivity","ActivityTopDepthHeightMeasure/MeasureUnitCode","ActivityTopDepthHeightMeasureUnitCode"
"ACTIVITY    
Description","05.00.13.01","MeasureValue","","WQX_MeasureCompact_v3.0.xsd",77,"WQX.ACTIVITY.ACT_DEPTH_HEIGHT_BOTTOM","ACTIVITY","ACT_DEPTH_HEIGHT_BOTTOM",,,"BasicBiological","BasicPhysicalChemical",,"FullBiological","FullPhysicalChemical",,"SamplingActivity","ActivityBottomDepthHeightMeasure/MeasureValue","ActivityBottomDepthHeightMeasureValue"
"ACTIVITY    
Description","05.00.13.02","MeasureUnitCode","","WQX_MeasureCompact_v3.0.xsd",78,"WQX.MEASUREMENT_UNIT.MSUNT_CD (ACTIVITY.MSUNT_UID_DEPTH_HEIGHT_BOTTOM)","MEASUREMENT_UNIT","MSUNT_CD",,,"BasicBiological","BasicPhysicalChemical",,"FullBiological","FullPhysicalChemical",,"SamplingActivity","ActivityBottomDepthHeightMeasure/MeasureUnitCode","ActivityBottomDepthHeightMeasureUnitCode"
"BIOLOGICAL Habitat Collection Information","05.02.02.01.01","MeasureValue","","WQX_MeasureCompact_v3.0.xsd",79,"WQX.ACTIVITY.ACT_COLLECTION_DURATION","ACTIVITY","ACT_COLLECTION_DURATION",,,"BasicBiological",,,"FullBiological",,,"SamplingActivity","CollectionDuration/MeasureValue","BiologicalHabitatCollectionDurationMeasureValue"
"BIOLOGICAL Habitat Collection Information","05.02.02.01.02","MeasureUnitCode","","WQX_MeasureCompact_v3.0.xsd",80,"WQX.MEASUREMENT_UNIT.MSUNT_CD (ACTIVITY.MSUNT_UID_COLLECTION_DURATION)","MEASUREMENT_UNIT","MSUNT_CD",,,"BasicBiological",,,"FullBiological",,,"SamplingActivity","CollectionDuration/MeasureUnitCode","BiologicalHabitatCollectionDurationMeasureUnitCode"
"BIOLOGICAL Habitat Collection Information","05.02.02.02.01","MeasureValue","","WQX_MeasureCompact_v3.0.xsd",81,"WQX.ACTIVITY.ACT_COLLECTION_AREA","ACTIVITY","ACT_COLLECTION_AREA",,,"BasicBiological",,,"FullBiological",,,"SamplingActivity","CollectionAreaMeasure/MeasureValue","BiologicalHabitatCollectionAreaMeasureValue"
"BIOLOGICAL Habitat Collection Information","05.02.02.02.02","MeasureUnitCode","","WQX_MeasureCompact_v3.0.xsd",82,"WQX.MEASUREMENT_UNIT.MSUNT_CD (ACTIVITY.MSUNT_UID_COLLECTION_AREA)","MEASUREMENT_UNIT","MSUNT_CD",,,"BasicBiological",,,"FullBiological",,,"SamplingActivity","CollectionAreaMeasure/MeasureUnitCode","BiologicalHabitatCollectionAreaMeasureUnitCode"
"BIOLOGICAL Habitat Collection Information","05.02.02.03.01","MeasureValue","","WQX_CollectionEffort_v3.0.xsd",83,"WQX.ACTIVITY.ACT_COLLECTION_EFFORT","ACTIVITY","ACT_COLLECTION_EFFORT",,,"BasicBiological",,,"FullBiological",,,"SamplingActivity","CollectionEffortMeasure/MeasureValue","BiologicalHabitatCollectionEffortMeasureValue"
"BIOLOGICAL Habitat Collection Information","05.02.02.03.02","GearProcedureUnitCode","yes","WQX_CollectionEffort_v3.0.xsd",84,"WQX.GEAR_PROCEDURE_UNIT.GPUNT_NAME  (ACTIVITY.GPUNT_UID)","GEAR_PROCEDURE_UNIT","GPUNT_NAME",,,"BasicBiological",,,"FullBiological",,,"SamplingActivity","CollectionEffortMeasure/GearProcedureUnitCode","BiologicalHabitatCollectionEffortGearProcedureUnitCode"
"BIOLOGICAL Habitat Collection Information","05.02.02.04.01","MeasureValue","","WQX_MeasureCompact_v3.0.xsd",85,"WQX.ACTIVITY.ACT_REACH_LENGTH","ACTIVITY","ACT_REACH_LENGTH",,,"BasicBiological",,,"FullBiological",,,"SamplingActivity","ReachLengthMeasure/MeasureValue","BiologicalHabitatReachLengthMeasureValue"
"BIOLOGICAL Habitat Collection Information","05.02.02.04.02","MeasureUnitCode","","WQX_MeasureCompact_v3.0.xsd",86,"WQX.MEASUREMENT_UNIT.MSUNT_CD (ACTIVITY.MSUNT_UID_REACH_LENGTH)","MEASUREMENT_UNIT","MSUNT_CD",,,"BasicBiological",,,"FullBiological",,,"SamplingActivity","ReachLengthMeasure/MeasureUnitCode","BiologicalHabitatReachLengthMeasureUnitCode"
"BIOLOGICAL Habitat Collection Information","05.02.02.05.01","MeasureValue","","WQX_MeasureCompact_v3.0.xsd",87,"WQX.ACTIVITY.ACT_REACH_WIDTH","ACTIVITY","ACT_REACH_WIDTH",,,"BasicBiological",,,"FullBiological",,,"SamplingActivity","ReachWidthMeasure/MeasureValue","BiologicalHabitatReachWidthMeasureValue"
"BIOLOGICAL Habitat Collection Information","05.02.02.05.02","MeasureUnitCode","","WQX_MeasureCompact_v3.0.xsd",88,"WQX.MEASUREMENT_UNIT.MSUNT_CD (ACTIVITY.MSUNT_UID_REACH_WIDTH)","MEASUREMENT_UNIT","MSUNT_CD",,,"BasicBiological",,,"FullBiological",,,"SamplingActivity","ReachWidthMeasure/MeasureUnitCode","BiologicalHabitatReachWidthMeasureUnitCode"
"BIOLOGICAL Habitat Collection Information","05.02.02.06","CollectionDescriptionText","","",89,"","ACTIVITY","ACT_COLLECTION_DESC",,,,,,"FullBiological",,,"SamplingActivity","ReachWidthMeasure/CollectionDescriptionText","BiologicalHabitatCollectionInformationDescriptionText"
"BIOLOGICAL Habitat Collection Information","05.02.02.07","PassCount","","WQX_BiologicalHabitatCollectionInformation_v3.0.xsd",90,"WQX.ACTIVITY.ACT_PASS_COUNT","ACTIVITY","ACT_PASS_COUNT",,,"BasicBiological",,,"FullBiological",,,"SamplingActivity","ReachWidthMeasure/PassCount","BiologicalHabitatPassCount"
"SAMPLE 
Description","05.03.01.01","MethodIdentifier","","WQX_ReferenceMethod_v3.0.xsd",91,"WQX.SAMPLE_COLLECTION_METHOD.SCMTH_ID (ACTIVITY.SCMTH_UID)","SAMPLE_COLLECTION_METHOD","SCMTH_ID",,,"BasicBiological",,,"FullBiological","FullPhysicalChemical",,"SamplingActivity","SampleCollectionMethod/MethodIdentifier","SampleCollectionMethodIdentifier"
"SAMPLE 
Description","05.03.01.02","MethodIdentifierContext","","WQX_ReferenceMethod_v3.0.xsd",92,"WQX.SAMPLE_COLLECT_METHOD_CONTEXT.SCMCTX_CD (SAMPLE_COLLECTION_METHOD.SCMCTX_UID)","SAMPLE_COLLECT_METHOD_CONTEXT","SCMCTX_CD",,,"BasicBiological",,,"FullBiological","FullPhysicalChemical",,"SamplingActivity","SampleCollectionMethod/MethodIdentifierContext","SampleCollectionMethodIdentifierContext"
"SAMPLE 
Description","05.03.01.03","MethodName","","WQX_ReferenceMethod_v3.0.xsd",93,"WQX.SAMPLE_COLLECTION_METHOD.SCMTH_NAME (ACTIVITY.SCMTH_UID)","SAMPLE_COLLECTION_METHOD","SCMTH_NAME",,,"BasicBiological",,,"FullBiological","FullPhysicalChemical",,"SamplingActivity","SampleCollectionMethod/MethodName","SampleCollectionMethodName"
"SAMPLE 
Description","05.03.01.04","MethodQualifierTypeName","","WQX_ReferenceMethod_v3.0.xsd",94,"WQX.SAMPLE_COLLECTION_METHOD.SCMTH_QUAL_TYPE (ACTIVITY.SCMTH_UID)","SAMPLE_COLLECTION_METHOD","SCMTH_QUAL_TYPE",,,,,,"FullBiological","FullPhysicalChemical",,"SamplingActivity","SampleCollectionMethod/MethodQualifierTypeName","SampleCollectionMethodQualifierTypeName"
"SAMPLE 
Description","05.03.01.05","MethodDescriptionText","","WQX_ReferenceMethod_v3.0.xsd",95,"WQX.SAMPLE_COLLECTION_METHOD.SCMTH_DESC (ACTIVITY.SCMTH_UID)","SAMPLE_COLLECTION_METHOD","SCMTH_DESC",,,,,,"FullBiological","FullPhysicalChemical",,"SamplingActivity","SampleCollectionMethod/MethodDescriptionText","SampleCollectionMethodDescriptionText"
"SAMPLE 
Description","05.03.02","SampleCollectionEquipmentName","","WQX_SampleDescription_v3.0.xsd",96,"WQX.SAMPLE_COLLECTION_EQUIP.SCEQP_NAME (ACTIVITY.SCMTH_UID)","SAMPLE_COLLECTION_EQUIP","SCEQP_NAME",,,"BasicBiological",,,"FullBiological","FullPhysicalChemical",,"SamplingActivity","SampleCollectionMethod/SampleCollectionEquipmentName","SampleCollectionMethodEquipmentName"
"SAMPLE 
Description","05.03.03","SampleCollectionEquipmentCommentText","","WQX_SampleDescription_v3.0.xsd",97,"WQX.SAMPLE_COLLECTION_METHOD.ACT_SAM_COLLECT_EQUIP_COMMENTS","SAMPLE_COLLECTION_METHOD","ACT_SAM_COLLECT_EQUIP_COMMENTS",,,,,,"FullBiological","FullPhysicalChemical",,"SamplingActivity","SampleCollectionMethod/SampleCollectionEquipmentCommentText","SampleCollectionMethodEquipmentCommentText"
"BIOLOGICAL ACTIVITY Net Information","05.02.02.08.01","NetTypeName","","WQX_NetInformation_v3.0.xsd",98,"WQX.NET_TYPE.NETTYP_NAME (ACTIVITY.NETTYP_UID)","NET_TYPE","NETTYP_NAME",,,"BasicBiological",,,"FullBiological",,,"SamplingActivity","NetInformation/NetTypeName","NetTypeName"
"BIOLOGICAL ACTIVITY Net Information","05.02.02.08.02.01","MeasureValue","","WQX_MeasureCompact_v3.0.xsd",99,"WQX.ACTIVITY.ACT_NET_SURFACE_AREA","ACTIVITY","ACT_NET_SURFACE_AREA",,,"BasicBiological",,,"FullBiological",,,"SamplingActivity","NetSurfaceAreaMeasure/MeasureValue","NetSurfaceAreaMeasureValue"
"BIOLOGICAL ACTIVITY Net Information","05.02.02.08.02.02","MeasureUnitCode","","WQX_MeasureCompact_v3.0.xsd",100,"WQX.MEASUREMENT_UNIT.MSUNT_CD (ACTIVITY.MSUNT_UID_NET_SURFACE_AREA)","MEASUREMENT_UNIT","MSUNT_CD",,,"BasicBiological",,,"FullBiological",,,"SamplingActivity","NetSurfaceAreaMeasure/MeasureUnitCode","NetSurfaceAreaMeasureMeasureUnitCode"
"BIOLOGICAL ACTIVITY Net Information","05.02.02.08.03.01","MeasureValue","","WQX_MeasureCompact_v3.0.xsd",101,"WQX.ACTIVITY.ACT_NET_MESH_SIZE","ACTIVITY","ACT_NET_MESH_SIZE",,,"BasicBiological",,,"FullBiological",,,"SamplingActivity","NetMeshSizeMeasure/MeasureValue","NetMeshSizeMeasureMeasureValue"
"BIOLOGICAL ACTIVITY Net Information","05.02.02.08.03.02","MeasureUnitCode","","WQX_MeasureCompact_v3.0.xsd",102,"WQX.MEASUREMENT_UNIT.MSUNT_CD (ACTIVITY.MSUNT_UID_NET_MESH_SIZE)","MEASUREMENT_UNIT","MSUNT_CD",,,"BasicBiological",,,"FullBiological",,,"SamplingActivity","NetMeshSizeMeasure/MeasureUnitCode","NetMeshSizeMeasureMeasureUnitCode"
"BIOLOGICAL ACTIVITY Net Information","05.02.02.08.04.01","MeasureValue","","WQX_MeasureCompact_v3.0.xsd",103,"WQX.ACTIVITY.ACT_BOAT_SPEED","ACTIVITY","ACT_BOAT_SPEED",,,,,,"FullBiological",,,"SamplingActivity","BoatSpeedMeasure/MeasureValue","BoatSpeedMeasureMeasureValue"
"BIOLOGICAL ACTIVITY Net Information","05.02.02.08.04.02","MeasureUnitCode","","WQX_MeasureCompact_v3.0.xsd",104,"WQX.MEASUREMENT_UNIT.MSUNT_CD (ACTIVITY.MSUNT_UID_BOAT_SPEED)","MEASUREMENT_UNIT","MSUNT_CD",,,,,,"FullBiological",,,"SamplingActivity","BoatSpeedMeasure/MeasureUnitCode","BoatSpeedMeasureMeasureUnitCode"
"BIOLOGICAL ACTIVITY Net Information","05.02.02.08.05.01","MeasureValue","","WQX_MeasureCompact_v3.0.xsd",105,"WQX.ACTIVITY.ACT_CURRENT_SPEED","ACTIVITY","ACT_CURRENT_SPEED",,,,,,"FullBiological",,,"SamplingActivity","CurrentSpeedMeasure/MeasureValue","CurrentSpeedMeasureMeasureValue"
"BIOLOGICAL ACTIVITY Net Information","05.02.02.08.05.02","MeasureUnitCode","","WQX_MeasureCompact_v3.0.xsd",106,"WQX.MEASUREMENT_UNIT.MSUNT_CD (ACTIVITY.MSUNT_UID_CURRENT_SPEED)","MEASUREMENT_UNIT","MSUNT_CD",,,,,,"FullBiological",,,"SamplingActivity","CurrentSpeedMeasure/MeasureUnitCode","CurrentSpeedMeasureMeasureUnitCode"
"BIOLOGICAL ACTIVITY    
Description","05.02.04","HabitatSelectionMethod","yes","WQX_BiologicalActivityDescription_v3.0.xsd",107,"WQX.HABITAT_SELECTION_METHOD.HSM_NAME (ACTIVITY.HSM_UID)","HABITAT_SELECTION_METHOD","HSM_NAME",,,"BasicBiological",,,"FullBiological",,,"SamplingActivity","BiologicalActivityDescription/HabitatSelectionMethod","HabitatSelectionMethod"
"SAMPLE Prep","05.03.04.01.01","MethodIdentifier","","WQX_ReferenceMethod_v3.0.xsd",108,"WQX.SAMPLE_PREPARATION_METHOD.SPMTH_ID (ACTIVITY.SPMTH_UID)","SAMPLE_PREPARATION_METHOD","SPMTH_ID",,,,,,"FullBiological","FullPhysicalChemical",,,"SamplePreparationMethod/MethodIdentifier","SamplePreparationMethodIdentifier"
"SAMPLE Prep","05.03.04.01.02","MethodIdentifierContext","","WQX_ReferenceMethod_v3.0.xsd",109,"WQX.SAMPLE_PREPARATION_METHOD.SPMTH_CONTEXT (ACTIVITY.SPMTH_UID)","SAMPLE_PREPARATION_METHOD","SPMTH_CONTEXT",,,,,,"FullBiological","FullPhysicalChemical",,,"SamplePreparationMethod/MethodIdentifierContext","SamplePreparationMethodIdentifierContext"
"SAMPLE Prep","05.03.04.01.03","MethodName","","WQX_ReferenceMethod_v3.0.xsd",110,"WQX.SAMPLE_PREPARATION_METHOD.SPMTH_NAME (ACTIVITY.SPMTH_UID)","SAMPLE_PREPARATION_METHOD","SPMTH_NAME",,,,,,"FullBiological","FullPhysicalChemical",,,"SamplePreparationMethod/MethodName","SamplePreparationMethodName"
"SAMPLE Prep","05.03.04.01.04","MethodQualifierTypeName","","WQX_ReferenceMethod_v3.0.xsd",111,"WQX.SAMPLE_PREPARATION_METHOD.SPMTH_QUAL_TYPE (ACTIVITY.SPMTH_UID)","SAMPLE_PREPARATION_METHOD","SPMTH_QUAL_TYPE",,,,,,"FullBiological","FullPhysicalChemical",,,"SamplePreparationMethod/MethodQualifierTypeName","SamplePreparationMethodQualifierTypeName"
"SAMPLE Prep","05.03.04.01.05","MethodDescriptionText","","WQX_ReferenceMethod_v3.0.xsd",112,"WQX.SAMPLE_PREPARATION_METHOD.SPMTH_DESC (ACTIVITY.SPMTH_UID)","SAMPLE_PREPARATION_METHOD","SPMTH_DESC",,,,,,"FullBiological","FullPhysicalChemical",,,"SamplePreparationMethod/MethodDescriptionText","SamplePreparationMethodDescriptionText"
"SAMPLE Prep","05.03.04.02","SampleContainerLabelName","","WQX_ReferenceMethod_v3.0.xsd",113,"WQX.ACTIVITY.ACT_SAM_CONTAINER_LABEL_NAME","ACTIVITY","ACT_SAM_CONTAINER_LABEL_NAME",,,,,,"FullBiological","FullPhysicalChemical",,,"SamplePreparationMethod/SampleContainerLabelName","SamplePreparationMethodSampleContainerLabelName"
"SAMPLE Prep","05.03.04.03","SampleContainerTypeName","","WQX_SamplePreparation_v3.0.xsd",114,"WQX.CONTAINER_TYPE.CONTYP_NAME (ACTIVITY.CONTYP_UID)","CONTAINER_TYPE","CONTYP_NAME",,,,,,"FullBiological","FullPhysicalChemical",,,"SamplePreparationMethod/SampleContainerTypeName","SamplePreparationMethodSampleContainerTypeName"
"SAMPLE Prep","05.03.04.04","SampleContainerColorName","","WQX_SamplePreparation_v3.0.xsd",115,"WQX.CONTAINER_COLOR.CONCOL_NAME (ACTIVITY.CONCOL_UID)","CONTAINER_COLOR","CONCOL_NAME",,,,,,"FullBiological","FullPhysicalChemical",,,"SamplePreparationMethod/SampleContainerColorName","SamplePreparationMethodSampleContainerColorName"
"SAMPLE Prep","05.03.04.05","ChemicalPreservativeUsedName","","WQX_SamplePreparation_v3.0.xsd",116,"WQX.ACTIVITY.ACT_SAM_CHEMICAL_PRESERVATIVE","ACTIVITY","ACT_SAM_CHEMICAL_PRESERVATIVE",,,,,,"FullBiological","FullPhysicalChemical",,,"SamplePreparationMethod/ChemicalPreservativeUsedName","SamplePreparationMethodChemicalPreservativeUsedName"
"SAMPLE Prep","05.03.04.06","ThermalPreservativeUsedName","","WQX_SamplePreparation_v3.0.xsd",117,"WQX.THERMAL_PRESERVATIVE.THPRSV_NAME (ACTIVITY.THPRSV_UID)","THERMAL_PRESERVATIVE","THPRSV_NAME",,,,,,"FullBiological","FullPhysicalChemical",,,"SamplePreparationMethod/ThermalPreservativeUsedName","SamplePreparationMethodThermalPreservativeUsedName"
"SAMPLE Prep","05.03.04.07","SampleTransportStorageDescription","","WQX_SamplePreparation_v3.0.xsd",118,"WQX.ACTIVITY.ACT_SAM_TRANSPORT_STORAGE_DESC","ACTIVITY","ACT_SAM_TRANSPORT_STORAGE_DESC",,,,,,"FullBiological","FullPhysicalChemical",,,"SamplePreparationMethod/SampleTransportStorageDescription","SamplePreparationMethodSampleTransportStorageDescription"
"SAMPLE 
Description","05.03.05","HydrologicCondition","yes","WQX_SampleDescription_v3.0.xsd",119,"WQX.HYDROLOGIC_CONDITION.HYDCND_NAME (ACTIVITY.HYDCND_UID)","HYDROLOGIC_CONDITION","HYDCND_NAME",,,,,,"FullBiological","FullPhysicalChemical",,"SamplingActivity","SamplePreparationMethod/HydrologicCondition","HydrologicCondition"
"SAMPLE 
Description","05.03.06","HydrologicEvent","yes","WQX_SampleDescription_v3.0.xsd",120,"WQX.HYDROLOGIC_EVENT.HYDEV_NAME (ACTIVITY.HYDEV_UID)","HYDROLOGIC_EVENT","HYDEV_NAME",,,,,,"FullBiological","FullPhysicalChemical",,"SamplingActivity","SamplePreparationMethod/HydrologicEvent","HydrologicEvent"
"ACTIVITY Metric","05.04.01.01","MetricTypeIdentifier","","WQX_ActivityMetricType_v3.0.xsd",121,"WQX.METRIC_TYPE.METTYP_ID (ACTIVITY_METRIC.METTYP_UID)","METRIC_TYPE","METTYP_ID",,"ActivityMetric",,,,,,,,"ActivityMetric/MetricTypeIdentifier","ActivityMetricTypeIdentifier"
"ACTIVITY Metric","05.04.01.02","MetricTypeIdentifierContext","","WQX_ActivityMetricType_v3.0.xsd",122,"WQX.METRIC_TYPE_CONTEXT.MTCTX_CD (METRIC_TYPE.MTCTX_UID)","METRIC_TYPE_CONTEXT","MTCTX_CD",,"ActivityMetric",,,,,,,,"ActivityMetric/MetricTypeIdentifierContext","ActivityMetricTypeIdentifierContext"
"ACTIVITY Metric","05.04.01.03","MetricTypeName","","WQX_ActivityMetricType_v3.0.xsd",123,"WQX.METRIC_TYPE.METTYP_NAME (ACTIVITY_METRIC.METTYP_UID)","METRIC_TYPE","METTYP_NAME",,"ActivityMetric",,,,,,,,"ActivityMetric/MetricTypeName","ActivityMetricTypeName"
"ACTIVITY Metric","05.04.01.04.01","ResourceTitleName","","WQX_BibliographicReference_v3.0.xsd",124,"WQX.CITATION.CITATN_TITLE (METRIC_TYPE.CITATN_UID)","CITATION","CITATN_TITLE",,"ActivityMetric",,,,,,,,"MetricTypeCitation/ResourceTitleName","MetricTypeCitationResourceTitleName"
"ACTIVITY Metric","05.04.01.04.02","ResourceCreatorName","","WQX_BibliographicReference_v3.0.xsd",125,"WQX.CITATION.CITATN_CREATOR (METRIC_TYPE.CITATN_UID)","CITATION","CITATN_CREATOR",,"ActivityMetric",,,,,,,,"MetricTypeCitation/ResourceCreatorName","MetricTypeCitationResourceCreatorName"
"ACTIVITY Metric","05.04.01.04.03","ResourceSubjectText","","WQX_BibliographicReference_v3.0.xsd",126,"WQX.CITATION.CITATN_SUBJECT (METRIC_TYPE.CITATN_UID)","CITATION","CITATN_SUBJECT",,"ActivityMetric",,,,,,,,"MetricTypeCitation/ResourceSubjectText","MetricTypeCitationResourceSubjectText"
"ACTIVITY Metric","05.04.01.04.04","ResourcePublisherName","","WQX_BibliographicReference_v3.0.xsd",127,"WQX.CITATION.CITATN_PUBLISHER (METRIC_TYPE.CITATN_UID)","CITATION","CITATN_PUBLISHER",,"ActivityMetric",,,,,,,,"MetricTypeCitation/ResourcePublisherName","MetricTypeCitationResourcePublisherName"
"ACTIVITY Metric","05.04.01.04.05","ResourceDate","","WQX_BibliographicReference_v3.0.xsd",128,"WQX.CITATION.CITATN_DATE (METRIC_TYPE.CITATN_UID)","CITATION","CITATN_DATE",,"ActivityMetric",,,,,,,,"MetricTypeCitation/ResourceDate","MetricTypeCitationResourceDate"
"ACTIVITY Metric","05.04.01.04.06","ResourceIdentifier","","WQX_BibliographicReference_v3.0.xsd",129,"WQX.CITATION.CITATN_ID (METRIC_TYPE.CITATN_UID)","CITATION","CITATN_ID",,"ActivityMetric",,,,,,,,"MetricTypeCitation/ResourceIdentifier","MetricTypeCitationResourceIdentifier"
"ACTIVITY Metric","05.04.01.05","MetricTypeScaleText","","WQX_ActivityMetricType_v3.0.xsd",130,"WQX.METRIC_TYPE.METTYP_SCALE","METRIC_TYPE","METTYP_SCALE",,"ActivityMetric",,,,,,,,"MetricTypeCitation/MetricTypeScaleText","MetricTypeCitationMetricTypeScaleText"
"ACTIVITY Metric","05.04.01.06","FormulaDescriptionText","","WQX_ActivityMetricType_v3.0.xsd",131,"WQX.METRIC_TYPE.METTYP_FORMULA_DESC","METRIC_TYPE","METTYP_FORMULA_DESC",,"ActivityMetric",,,,,,,,"MetricTypeCitation/FormulaDescriptionText","MetricTypeCitationFormulaDescriptionText"
"ACTIVITY Metric","05.04.02.01","MeasureValue","","WQX_MeasureCompact_v3.0.xsd",132,"WQX.ACTIVITY_METRIC.ACTMET_VALUE","ACTIVITY_METRIC","ACTMET_VALUE",,"ActivityMetric",,,,,,,,"MetricValueMeasure/MeasureValue","MetricValueMeasureValue"
"ACTIVITY Metric","05.04.02.02","MeasureUnitCode","","WQX_MeasureCompact_v3.0.xsd",133,"WQX.MEASUREMENT_UNIT.MSUNT_CD (ACTIVITY_METRIC.MSUNT_UID_VALUE)","MEASUREMENT_UNIT","MSUNT_CD",,"ActivityMetric",,,,,,,,"MetricValueMeasure/MeasureUnitCode","MetricValueMeasureUnitCode"
"ACTIVITY Metric","05.04.03","MetricScore","","WQX_ActivityMetric_v3.0.xsd",134,"WQX.ACTIVITY_METRIC.ACTMET_SCORE","ACTIVITY_METRIC","ACTMET_SCORE",,"ActivityMetric",,,,,,,,"MetricValueMeasure/MetricScore","MetricValueMeasureMetricScoreNumeric"
"ACTIVITY Metric","05.04.05","MetricCommentText","","WQX_ActivityMetric_v3.0.xsd",135,"WQX.ACTIVITY_METRIC.ACTMET_COMMENT","ACTIVITY_METRIC","ACTMET_COMMENT",,"ActivityMetric",,,,,,,,"MetricValueMeasure/MetricCommentText","MetricValueMeasureMetricCommentText"
"ACTIVITY Metric","05.04.06","IndexIdentifier","","WQX_ActivityMetric_v3.0.xsd",136,"BIOLOGICAL_HABITAT_INDEX.BHIDX_ID  (WQX.ACTIVITY_METRIC_INDEX.BHIDX_UID)","BIOLOGICAL_HABITAT_INDEX","BHIDX_ID",,"ActivityMetric",,,,,,,,"MetricValueMeasure/IndexIdentifier","MetricValueMeasureIndexIdentifier"
"ACTIVITY Metric","05.04.04","MetricSamplingPointPlaceInSeries","","WQX_ActivityMetric_v3.0.xsd",137,"WQX.ACTIVITY_METRIC.ACTMET_SAM_PT_PLACE_IN_SERIES","ACTIVITY_METRIC","ACTMET_SAM_PT_PLACE_IN_SERIES",,"ActivityMetric",,,,,,,,"MetricValueMeasure/MetricSamplingPointPlaceInSeries","MetricSamplingPointPlaceInSeries"
"Activity Binary Object","05.05.01","BinaryObjectFileName","","WQX_AttachedBinaryObject_v3.0.xsd",138,"WQX.ATTACHED_OBJECT.ATOBJ_FILE_NAME","ATTACHED_OBJECT","ATOBJ_FILE_NAME",,,,,,"FullBiological","FullPhysicalChemical",,"SamplingActivity","ActivityAttachedBinaryObject/BinaryObjectFileName","ActivityAttachedBinaryObjectFileName"
"Activity Binary Object","05.05.02","BinaryObjectFileTypeCode","","WQX_AttachedBinaryObject_v3.0.xsd",139,"WQX.ATTACHED_OBJECT.ATOBJ_TYPE","ATTACHED_OBJECT","ATOBJ_TYPE",,,,,,"FullBiological","FullPhysicalChemical",,"SamplingActivity","ActivityAttachedBinaryObject/BinaryObjectFileTypeCode","ActivityAttachedBinaryObjectFileTypeCode"
"Result Description","06.00.01","DataLoggerLineName","","WQX_ResultDescription_v3.0.xsd",140,"WQX.RESULT.RES_DATA_LOGGER_LINE","RESULT","RES_DATA_LOGGER_LINE",,,,,,,"FullPhysicalChemical",,,"Result/DataLoggerLineName","DataLoggerLineName"
"Result Description","06.00.02","ResultDetectionConditionText","","WQX_ResultDescription_v3.0.xsd",141,"WQX.RESULT_DETECTION_CONDITION.RDCND_NAME (RESULT.RDCND_UID)","RESULT_DETECTION_CONDITION","RDCND_NAME",,,"BasicBiological","BasicPhysicalChemical",,"FullBiological","FullPhysicalChemical",,,"Result/ResultDetectionConditionText","ResultDetectionConditionText"
"Result Description","06.00.03","CharacteristicName","","WQX_ResultDescription_v3.0.xsd",142,"WQX.CHARACTERISTIC.CHR_NAME (RESULT.CHR_UID)","CHARACTERISTIC","CHR_NAME",,,"BasicBiological","BasicPhysicalChemical",,"FullBiological","FullPhysicalChemical","ResultDetectionQuantitationLimit",,"Result/CharacteristicName","CharacteristicName"
"Result Description","06.00.04","CharacteristicNameUserSupplied","","",143,"WQX.RESULT.RES_CHR_NAME_USER_SUPPLIED","RESULT","RES_CHR_NAME_USER_SUPPLIED",,,"BasicBiological","BasicPhysicalChemical",,"FullBiological","FullPhysicalChemical",,,"Result/CharacteristicNameUserSupplied","CharacteristicNameUserSupplied"
,"06.00.04outbounda","CASNumber",,,144,,"CHARACTERISTIC","CHR_CAS_NUMBER",,,,"BasicPhysicalChemical",,"FullBiological","FullPhysicalChemical",,,"Result/CASNumber","CASNumber"
"Result Description","06.00.05","MethodSpeciationName","","WQX_ResultDescription_v3.0.xsd",145,"WQX.METHOD_SPECIATION.MTHSPC_NAME  (RESULT.MTHSPC_UID)","METHOD_SPECIATION","MTHSPC_NAME",,,,"BasicPhysicalChemical",,,"FullPhysicalChemical",,,"Result/MethodSpeciationName","MethodSpeciationName"
"Result Description","06.00.06","ResultSampleFractionText","","WQX_ResultDescription_v3.0.xsd",146,"WQX.SAMPLE_FRACTION.SMFRC_NAME  (RESULT.SMFRC_UID","SAMPLE_FRACTION","SMFRC_NAME",,,,"BasicPhysicalChemical",,,"FullPhysicalChemical",,,"Result/ResultSampleFractionText","ResultSampleFractionText"
"BIOLOGICAL Result
Description","06.01.01","BiologicalIntentName","","WQX_BiologicalResultDescription_v3.0.xsd",147,"WQX.RESULT.BIOLOGICAL_INTENT (WQX.RESULT.BIOINT_UID)","RESULT","BIOLOGICAL_INTENT",,,"BasicBiological","BasicPhysicalChemical",,"FullBiological","FullPhysicalChemical",,,"BiologicalResultDescription/BiologicalIntentName","BiologicalIntentName"
"BIOLOGICAL Result
Description","06.01.02","BiologicalIndividualIdentifier","","WQX_BiologicalResultDescription_v3.0.xsd",148,"WQX.RESULT.RES_BIO_INDIVIDUAL_ID","RESULT","RES_BIO_INDIVIDUAL_ID",,,"BasicBiological","BasicPhysicalChemical",,"FullBiological","FullPhysicalChemical",,,"BiologicalResultDescription/BiologicalIndividualIdentifier","BiologicalIndividualIdentifier"
"BIOLOGICAL Result
Description","06.01.03","SubjectTaxonomicName","","WQX_BiologicalResultDescription_v3.0.xsd",149,"WQX.TAXON.TAX_NAME (RESULT.TAX_UID)","TAXON","TAX_NAME",,,"BasicBiological","BasicPhysicalChemical",,"FullBiological","FullPhysicalChemical",,,"BiologicalResultDescription/SubjectTaxonomicName","SubjectTaxonomicName"
"BIOLOGICAL Result
Description","06.01.04","SubjectTaxonomicNameUserSupplied","","WQX_BiologicalResultDescription_v3.0.xsd",150,"WQX.RESULT.RES_TAX_NAME_USER_SUPPLIED","RESULT","RES_TAX_NAME_USER_SUPPLIED",,,"BasicBiological","BasicPhysicalChemical",,"FullBiological","FullPhysicalChemical",,,"BiologicalResultDescription/SubjectTaxonomicNameUserSupplied","SubjectTaxonomicNameUserSupplied"
"BIOLOGICAL Result
Description","06.01.05","SubjectTaxonomicNameUserSuppliedReferenceText","","WQX_BiologicalResultDescription_v3.0.xsd",151,"WQX.RESULT.RES_TAX_NAME_USER_SUPPLIED_REF","RESULT","RES_TAX_NAME_USER_SUPPLIED_REF",,,"BasicBiological","BasicPhysicalChemical",,"FullBiological","FullPhysicalChemical",,,"BiologicalResultDescription/SubjectTaxonomicNameUserSuppliedReferenceText","SubjectTaxonomicNameUserSuppliedReferenceText"
"BIOLOGICAL Result
Description","06.01.06","UnidentifiedSpeciesIdentifier","","WQX_BiologicalResultDescription_v3.0.xsd",152,"WQX.RESULT.RES_SPECIES_ID","RESULT","RES_SPECIES_ID",,,"BasicBiological",,,"FullBiological","FullPhysicalChemical",,,"BiologicalResultDescription/UnidentifiedSpeciesIdentifier","UnidentifiedSpeciesIdentifier"
"BIOLOGICAL Result
Description","06.01.07","SampleTissueAnatomyName","","WQX_BiologicalResultDescription_v3.0.xsd",153,"WQX.SAMPLE_TISSUE_ANATOMY.STANT_NAME  (RESULT.STANT_UID)","SAMPLE_TISSUE_ANATOMY","STANT_NAME",,,"BasicBiological","BasicPhysicalChemical",,"FullBiological","FullPhysicalChemical",,,"BiologicalResultDescription/SampleTissueAnatomyName","SampleTissueAnatomyName"
"BIOLOGICAL Result
Description","06.01.08","GroupSummaryCount","","",154,"WQX.RESULT.RES_GROUP_SUMMARY_CT","RESULT","RES_GROUP_SUMMARY_CT",,,"BasicBiological",,,"FullBiological","FullPhysicalChemical",,,"BiologicalResultDescription/GroupSummaryCount","GroupSummaryCount"
"BIOLOGICAL Result
Description","06.01.09.01","MeasureValue","","WQX_MeasureCompact_v3.0.xsd",155,"WQX.RESULT.RES_GROUP_SUMMARY_CT_WT","RESULT","RES_GROUP_SUMMARY_CT_WT",,,"BasicBiological",,,"FullBiological","FullPhysicalChemical",,,"GroupSummaryWeightMeasure/MeasureValue","GroupSummaryWeightMeasureValue"
"BIOLOGICAL Result
Description","06.01.09.02","MeasureUnitCode","","WQX_MeasureCompact_v3.0.xsd",156,"WQX.MEASUREMENT_UNIT.MSUNT_CD (RESULT.MSUNT_UID_GROUP_SUMMARY_CT_WT)","MEASUREMENT_UNIT","MSUNT_CD",,,"BasicBiological",,,"FullBiological","FullPhysicalChemical",,,"GroupSummaryWeightMeasure/MeasureUnitCode","GroupSummaryWeightMeasureUnitCode"
"Result Taxonomic Details","06.01.10.01","CellFormName","","WQX_TaxonomicDetails_v3.0.xsd",157,"WQX.CELL_FORM.CELFRM_NAME  (RESULT_TAXON_DETAIL.CELFRM_UID)","CELL_FORM","CELFRM_NAME",,,,,,"FullBiological",,,,"TaxonomicDetails/CellFormName","CellFormName"
"Result Taxonomic Details","06.01.10.02","CellShapeName","","WQX_TaxonomicDetails_v3.0.xsd",158,"WQX.CELL_SHAPE.CELSHP_NAME  (RESULT_TAXON_DETAIL.CELSHP_UID)","CELL_SHAPE","CELSHP_NAME",,,,,,"FullBiological",,,,"TaxonomicDetails/CellShapeName","CellShapeName"
"Result Taxonomic Details","06.01.10.03","HabitName","","WQX_TaxonomicDetails_v3.0.xsd",159,"WQX.HABIT.HABIT_NAME  (RESULT_TAXON_HABIT.HABIT_UID)","HABIT","HABIT_NAME",,,,,,"FullBiological",,,,"TaxonomicDetails/HabitName","HabitName"
"Result Taxonomic Details","06.01.10.04","VoltinismName","","WQX_TaxonomicDetails_v3.0.xsd",160,"WQX.VOLTINISM.VOLT_NAME  (RESULT_TAXON_DETAIL.VOLT_UID)","VOLTINISM","VOLT_NAME",,,,,,"FullBiological",,,,"TaxonomicDetails/VoltinismName","VoltinismName"
"Result Taxonomic Details","06.01.10.05","TaxonomicPollutionTolerance","","WQX_TaxonomicDetails_v3.0.xsd",161,"WQX.RESULT_TAXON_DETAIL.RTDET_POLLUTION_TOLERANCE (RESULT_TAXON_DETAIL.RES_UID)","RESULT_TAXON_DETAIL","RTDET_POLLUTION_TOLERANCE",,,,,,"FullBiological",,,,"TaxonomicDetails/TaxonomicPollutionTolerance","TaxonomicPollutionTolerance"
"Result Taxonomic Details","06.01.10.06","TaxonomicPollutionToleranceScaleText","","WQX_TaxonomicDetails_v3.0.xsd",162,"WQX.RESULT_TAXON_DETAIL.RTDET_POLLUTION_TOLERANCE (RESULT_TAXON_DETAIL.RES_UID)","RESULT_TAXON_DETAIL","RTDET_POLLUTION_TOLERANCE",,,,,,"FullBiological",,,,"TaxonomicDetails/TaxonomicPollutionToleranceScaleText","TaxonomicPollutionToleranceScaleText"
"Result Taxonomic Details","06.01.10.07","TrophicLevelName","","WQX_TaxonomicDetails_v3.0.xsd",163,"WQX.RESULT_TAXON_DETAIL.RTDET_TROPHIC_LEVEL (RESULT_TAXON_DETAIL.RES_UID)","RESULT_TAXON_DETAIL","RTDET_TROPHIC_LEVEL",,,,,,"FullBiological",,,,"TaxonomicDetails/TrophicLevelName","TrophicLevelName"
"Result Taxonomic Details","06.01.10.08","FunctionalFeedingGroupName","","WQX_TaxonomicDetails_v3.0.xsd",164,"WQX.RESULT_TAXON_FEEDING_GROUP. RTFGRP_FUNCTIONAL_FEEDING_GRP  (RESULT_TAXON_FEEDING_GROUP.RES_UID)","RESULT_TAXON_FEEDING_GROUP"," RTFGRP_FUNCTIONAL_FEEDING_GRP",,,,,,"FullBiological",,,,"TaxonomicDetails/FunctionalFeedingGroupName","FunctionalFeedingGroupName"
"Result Taxonomic Details","06.01.10.09.01","ResourceTitleName","","WQX_BibliographicReference_v3.0.xsd",165,"WQX.CITATION.CITATN_TITLE (RESULT_TAXON_DETAIL.CITATN_UID)","CITATION","CITATN_TITLE",,,,,,"FullBiological",,,,"TaxonomicDetailsCitation/ResourceTitleName","TaxonomicDetailsCitationResourceTitleName"
"Result Taxonomic Details","06.01.10.09.02","ResourceCreatorName","","WQX_BibliographicReference_v3.0.xsd",166,"WQX.CITATION.CITATN_CREATOR (RESULT_TAXON_DETAIL.CITATN_UID)","CITATION","CITATN_CREATOR",,,,,,"FullBiological",,,,"TaxonomicDetailsCitation/ResourceCreatorName","TaxonomicDetailsCitationResourceCreatorName"
"Result Taxonomic Details","06.01.10.09.03","ResourceSubjectText","","WQX_BibliographicReference_v3.0.xsd",167,"WQX.CITATION.CITATN_SUBJECT (RESULT_TAXON_DETAIL.CITATN_UID)","CITATION","CITATN_SUBJECT",,,,,,"FullBiological",,,,"TaxonomicDetailsCitation/ResourceSubjectText","TaxonomicDetailsCitationResourceSubjectText"
"Result Taxonomic Details","06.01.10.09.04","ResourcePublisherName","","WQX_BibliographicReference_v3.0.xsd",168,"WQX.CITATION.CITATN_PUBLISHER (RESULT_TAXON_DETAIL.CITATN_UID)","CITATION","CITATN_PUBLISHER",,,,,,"FullBiological",,,,"TaxonomicDetailsCitation/ResourcePublisherName","TaxonomicDetailsCitationResourcePublisherName"
"Result Taxonomic Details","06.01.10.09.05","ResourceDate","","WQX_BibliographicReference_v3.0.xsd",169,"WQX.CITATION.CITATN_DATE (RESULT_TAXON_DETAIL.CITATN_UID)","CITATION","CITATN_DATE",,,,,,"FullBiological",,,,"TaxonomicDetailsCitation/ResourceDate","TaxonomicDetailsCitationResourceDate"
"Result Taxonomic Details","06.01.10.09.06","ResourceIdentifier","","WQX_BibliographicReference_v3.0.xsd",170,"WQX.CITATION.CITATN_ID (RESULT_TAXON_DETAIL.CITATN_UID)","CITATION","CITATN_ID",,,,,,"FullBiological",,,,"TaxonomicDetailsCitation/ResourceIdentifier","TaxonomicDetailsCitationResourceIdentifier"
"Result Frequency Class Information","06.01.10.10.01","FrequencyClassDescriptorCode","","WQX_FreqneucyClassInformation_v3.0.xsd",171,"WQX.FREQUENCY_CLASS_DESCRIPTOR.FCDSC_NAME  (RESULT_FREQUENCY_CLASS.FCDSC_UID)","FREQUENCY_CLASS_DESCRIPTOR","FCDSC_NAME",,,"BasicBiological",,,"FullBiological",,,,"FrequencyClassInformation/FrequencyClassDescriptorCode_1","FrequencyClassDescriptorCode_1"
"Result Frequency Class Information","06.01.10.10.02","FrequencyClassDescriptorUnitCode","","WQX_FreqneucyClassInformation_v3.0.xsd",172,"WQX.MEASUREMENT_UNIT.MSUNT_CD (RESULT_FREQUENCY_CLASS.MSUNT_UID)","MEASUREMENT_UNIT","MSUNT_CD",,,"BasicBiological",,,"FullBiological",,,,"FrequencyClassInformation/FrequencyClassDescriptorUnitCode_1","FrequencyClassDescriptorUnitCode_1"
"Result Frequency Class Information","06.01.10.10.03","LowerClassBoundValue","","WQX_FreqneucyClassInformation_v3.0.xsd",173,"WQX.RESULT_FREQUENCY_CLASS.FCDSC_LOWER_BOUND (RESULT_FREQUENCY_CLASS.RES_UID)","RESULT_FREQUENCY_CLASS","FCDSC_LOWER_BOUND",,,"BasicBiological",,,"FullBiological",,,,"FrequencyClassInformation/LowerClassBoundValue_1","LowerClassBoundValue_1"
"Result Frequency Class Information","06.01.10.10.04","UpperClassBoundValue","","WQX_FreqneucyClassInformation_v3.0.xsd",174,"WQX.RESULT_FREQUENCY_CLASS.FCDSC_UPPER_BOUND (RESULT_FREQUENCY_CLASS.RES_UID)","RESULT_FREQUENCY_CLASS","FCDSC_UPPER_BOUND",,,"BasicBiological",,,"FullBiological",,,,"FrequencyClassInformation/UpperClassBoundValue_1","UpperClassBoundValue_1"
"Result Frequency Class Information","06.01.10.10.01","FrequencyClassDescriptorCode","","WQX_FreqneucyClassInformation_v3.0.xsd",175,"WQX.FREQUENCY_CLASS_DESCRIPTOR.FCDSC_NAME  (RESULT_FREQUENCY_CLASS.FCDSC_UID)","FREQUENCY_CLASS_DESCRIPTOR","FCDSC_NAME",,,,,,"FullBiological",,,,"FrequencyClassInformation/FrequencyClassDescriptorCode_2","FrequencyClassDescriptorCode_2"
"Result Frequency Class Information","06.01.10.10.02","FrequencyClassDescriptorUnitCode","","WQX_FreqneucyClassInformation_v3.0.xsd",176,"WQX.MEASUREMENT_UNIT.MSUNT_CD (RESULT_FREQUENCY_CLASS.MSUNT_UID)","MEASUREMENT_UNIT","MSUNT_CD",,,,,,"FullBiological",,,,"FrequencyClassInformation/FrequencyClassDescriptorUnitCode_2","FrequencyClassDescriptorUnitCode_2"
"Result Frequency Class Information","06.01.10.10.03","LowerClassBoundValue","","WQX_FreqneucyClassInformation_v3.0.xsd",177,"WQX.RESULT_FREQUENCY_CLASS.FCDSC_LOWER_BOUND (RESULT_FREQUENCY_CLASS.RES_UID)","RESULT_FREQUENCY_CLASS","FCDSC_LOWER_BOUND",,,,,,"FullBiological",,,,"FrequencyClassInformation/LowerClassBoundValue_2","LowerClassBoundValue_2"
"Result Frequency Class Information","06.01.10.10.04","UpperClassBoundValue","","WQX_FreqneucyClassInformation_v3.0.xsd",178,"WQX.RESULT_FREQUENCY_CLASS.FCDSC_UPPER_BOUND (RESULT_FREQUENCY_CLASS.RES_UID)","RESULT_FREQUENCY_CLASS","FCDSC_UPPER_BOUND",,,,,,"FullBiological",,,,"FrequencyClassInformation/UpperClassBoundValue_2","UpperClassBoundValue_2"
"Result Frequency Class Information","06.01.10.10.01","FrequencyClassDescriptorCode","","WQX_FreqneucyClassInformation_v3.0.xsd",179,"WQX.FREQUENCY_CLASS_DESCRIPTOR.FCDSC_NAME  (RESULT_FREQUENCY_CLASS.FCDSC_UID)","FREQUENCY_CLASS_DESCRIPTOR","FCDSC_NAME",,,,,,"FullBiological",,,,"FrequencyClassInformation/FrequencyClassDescriptorCode_3","FrequencyClassDescriptorCode_3"
"Result Frequency Class Information","06.01.10.10.02","FrequencyClassDescriptorUnitCode","","WQX_FreqneucyClassInformation_v3.0.xsd",180,"WQX.MEASUREMENT_UNIT.MSUNT_CD (RESULT_FREQUENCY_CLASS.MSUNT_UID)","MEASUREMENT_UNIT","MSUNT_CD",,,,,,"FullBiological",,,,"FrequencyClassInformation/FrequencyClassDescriptorUnitCode_3","FrequencyClassDescriptorUnitCode_3"
"Result Frequency Class Information","06.01.10.10.03","LowerClassBoundValue","","WQX_FreqneucyClassInformation_v3.0.xsd",181,"WQX.RESULT_FREQUENCY_CLASS.FCDSC_LOWER_BOUND (RESULT_FREQUENCY_CLASS.RES_UID)","RESULT_FREQUENCY_CLASS","FCDSC_LOWER_BOUND",,,,,,"FullBiological",,,,"FrequencyClassInformation/LowerClassBoundValue_3","LowerClassBoundValue_3"
"Result Frequency Class Information","06.01.10.10.04","UpperClassBoundValue","","WQX_FreqneucyClassInformation_v3.0.xsd",182,"WQX.RESULT_FREQUENCY_CLASS.FCDSC_UPPER_BOUND (RESULT_FREQUENCY_CLASS.RES_UID)","RESULT_FREQUENCY_CLASS","FCDSC_UPPER_BOUND",,,,,,"FullBiological",,,,"FrequencyClassInformation/UpperClassBoundValue_3","UpperClassBoundValue_3"
"Result Description","06.00.20.01","MeasureValue","","WQX_MeasureCompact_v3.0.xsd",183,"WQX.RESULT.RES_DEPTH_HEIGHT","RESULT","RES_DEPTH_HEIGHT",,,"BasicBiological","BasicPhysicalChemical",,"FullBiological","FullPhysicalChemical",,,"ResultDepthHeightMeasure/MeasureValue","ResultDepthHeightMeasureValue"
"Result Description","06.00.20.02","MeasureUnitCode","","WQX_MeasureCompact_v3.0.xsd",184,"WQX.MEASUREMENT_UNIT.MSUNT_CD (RESULT.MSUNT_UID_DEPTH_HEIGHT)","MEASUREMENT_UNIT","MSUNT_CD",,,"BasicBiological","BasicPhysicalChemical",,"FullBiological","FullPhysicalChemical",,,"ResultDepthHeightMeasure/MeasureUnitCode","ResultDepthHeightMeasureUnitCode"
"Result Description","06.00.21","ResultDepthAltitudeReferencePointText","","WQX_ResultDescription_v3.0.xsd",185,"WQX.RESULT.RES_DEPTH_ALTITUDE_REF_POINT","RESULT","RES_DEPTH_ALTITUDE_REF_POINT",,,"BasicBiological",,,"FullBiological","FullPhysicalChemical",,,"ResultDepthHeightMeasure/ResultDepthAltitudeReferencePointText","ResultDepthAltitudeReferencePointText"
"Result Description","06.00.22","ResultSamplingPointName","","WQX_ResultDescription_v3.0.xsd",186,"WQX.RESULT.RES_SAMPLING_POINT_NAME","RESULT","RES_SAMPLING_POINT_NAME",,,,,,"FullBiological","FullPhysicalChemical",,,"ResultDepthHeightMeasure/ResultSamplingPointName","ResultSamplingPointName"
"Result Description","06.00.23","ResultSamplingPointType","yes","WQX_ResultDescription_v3.0.xsd",187,"WQX.RESULT_SAMPLING_POINT_TYPE.RSPTYP_NAME (RESULT.RSPTYP_UID)","RESULT_SAMPLING_POINT_TYPE","RSPTYP_NAME",,,,,,"FullBiological","FullPhysicalChemical",,,"ResultDepthHeightMeasure/ResultSamplingPointType","ResultSamplingPointType"
"Result Description","06.00.24","ResultSamplingPointPlaceInSeries","","WQX_ResultDescription_v3.0.xsd",188,"WQX.RESULT.RES_SAM_POINT_PLACE_IN_SERIES","RESULT","RES_SAM_POINT_PLACE_IN_SERIES",,,,,,"FullBiological","FullPhysicalChemical",,,"ResultDepthHeightMeasure/ResultSamplingPointPlaceInSeries","ResultSamplingPointPlaceInSeries"
"Result Description","06.00.25","ResultSamplingPointCommentText","","WQX_ResultDescription_v3.0.xsd",189,"WQX.RESULT.RES_SAMPLING_POINT_COMMENT","RESULT","RES_SAMPLING_POINT_COMMENT",,,,,,"FullBiological","FullPhysicalChemical",,,"ResultDepthHeightMeasure/ResultSamplingPointCommentText","ResultSamplingPointCommentText"
"Result Description","06.00.26","RecordIdentifierUserSupplied","","WQX_ResultDescription_v3.0.xsd",190,"WQX.RESULT.RES_RECORD_ID_USR_SUPPLIED","RESULT","RES_RECORD_ID_USR_SUPPLIED",,,,,,"FullBiological","FullPhysicalChemical",,,"ResultDepthHeightMeasure/RecordIdentifierUserSupplied","RecordIdentifierUserSupplied"
,"06.00.07outbounda","ResultIdentifier",,,191,,,,,,"BasicBiological","BasicPhysicalChemical",,"FullBiological","FullPhysicalChemical","ResultDetectionQuantitationLimit",,"ResultMeasure/ResultIdentifier","ResultIdentifier"
"Result Description","06.00.07.01","ResultMeasureValue","","WQX_Measure_v3.0.xsd",192,"WQX.RESULT.RES_MEASURE","RESULT","RES_MEASURE",,,"BasicBiological","BasicPhysicalChemical",,"FullBiological","FullPhysicalChemical",,,"ResultMeasure/ResultMeasureValue","ResultMeasureValue"
"Result Description","06.00.07.02","MeasureUnitCode","","WQX_Measure_v3.0.xsd",193,"WQX.MEASUREMENT_UNIT.MSUNT_CD (RESULT.MSUNT_UID_MEASURE)","MEASUREMENT_UNIT","MSUNT_CD",,,"BasicBiological","BasicPhysicalChemical",,"FullBiological","FullPhysicalChemical",,,"ResultMeasure/MeasureUnitCode","ResultMeasureUnitCode"
"Result Description","06.00.07.03","MeasureQualifierCode","","WQX_Measure_v3.0.xsd",194,"WQX.MEASURE_QUALIFIER.MSRQLF_CD (RESULT.RMQLF_UID)","MEASURE_QUALIFIER","MSRQLF_CD",,,"BasicBiological","BasicPhysicalChemical",,"FullBiological","FullPhysicalChemical",,,"ResultMeasure/MeasureQualifierCode","ResultMeasureQualifierCode"
"Result Description","06.00.08","TargetCount","yes","WQX_ResultDescription_v3.0.xsd",195,"WQX.RESULT_TARGET_COUNT.RTC_NAME (RESULT.RTC_UID)","RESULT_TARGET_COUNT","RTC_NAME",,,"BasicBiological",,,"FullBiological",,,,"ResultMeasure/TargetCount","TargetCount"
"Result Description","06.00.09","ProportionSampleProcessedNumeric","","WQX_ResultDescription_v3.0.xsd",196,"WQX.RESULT.RES_PROPORTION_SMPL_PROCESSED","RESULT","RES_PROPORTION_SMPL_PROCESSED",,,"BasicBiological",,,"FullBiological",,,,"ResultMeasure/ProportionSampleProcessedNumeric","ProportionSampleProcessedNumeric"
"Result Description","06.00.10","ResultStatusIdentifier","","WQX_ResultDescription_v3.0.xsd",197,"WQX.RESULT_STATUS.RESSTA_NAME  (RESULT.RESSTA_UID)","RESULT_STATUS","RESSTA_NAME",,,"BasicBiological","BasicPhysicalChemical",,"FullBiological","FullPhysicalChemical",,,"ResultMeasure/ResultStatusIdentifier","ResultStatusIdentifier"
"Result Description","06.00.11","StatisticalBaseCode","","WQX_ResultDescription_v3.0.xsd",198,"WQX.RESULT_STATISTICAL_BASE.RSBAS_NAME  (RESULT.RSBAS_UID)","RESULT_STATISTICAL_BASE","RSBAS_NAME",,,"BasicBiological","BasicPhysicalChemical",,"FullBiological","FullPhysicalChemical",,,"ResultMeasure/StatisticalBaseCode","StatisticalBaseCode"
"Result Description","06.00.12","StatisticalNValueNumeric","","WQX_ResultDescription_v3.0.xsd",199,"WQX.RESULT.RES_STATISTIC_N_VALUE","RESULT","RES_STATISTIC_N_VALUE",,,"BasicBiological","BasicPhysicalChemical",,"FullBiological","FullPhysicalChemical",,,"ResultMeasure/StatisticalNValueNumeric","StatisticalNValueNumeric"
"Result Description","06.00.13","ResultValueTypeName","","WQX_ResultDescription_v3.0.xsd",200,"WQX.RESULT_VALUE_TYPE.RVTYP_NAME  (RESULT.RVTYP_UID)","RESULT_VALUE_TYPE","RVTYP_NAME",,,"BasicBiological","BasicPhysicalChemical",,"FullBiological","FullPhysicalChemical",,,"ResultMeasure/ResultValueTypeName","ResultValueTypeName"
"Result Description","06.00.14","ResultWeightBasisText","","WQX_ResultDescription_v3.0.xsd",201,"WQX.RESULT_WEIGHT_BASIS.RWBAS_NAME (RESULT.RWBAS_UID)","RESULT_WEIGHT_BASIS","RWBAS_NAME",,,,"BasicPhysicalChemical",,,"FullPhysicalChemical",,,"ResultMeasure/ResultWeightBasisText","ResultWeightBasisText"
"Result Description","06.00.15","ResultTimeBasisText","","WQX_ResultDescription_v3.0.xsd",202,"WQX.RESULT_TIME_BASIS.RTIMB_NAME (RESULT.RTIMB_UID)","RESULT_TIME_BASIS","RTIMB_NAME",,,,"BasicPhysicalChemical",,,"FullPhysicalChemical",,,"ResultMeasure/ResultTimeBasisText","ResultTimeBasisText"
"Result Description","06.00.16","ResultTemperatureBasisText","","WQX_ResultDescription_v3.0.xsd",203,"WQX.RESULT_TEMPERATURE_BASIS.RTMPB_NAME  (RESULT.RTMPB_UID)","RESULT_TEMPERATURE_BASIS","RTMPB_NAME",,,,"BasicPhysicalChemical",,,"FullPhysicalChemical",,,"ResultMeasure/ResultTemperatureBasisText","ResultTemperatureBasisText"
"Result Description","06.00.17","ResultParticleSizeBasisText","","WQX_ResultDescription_v3.0.xsd",204,"WQX.RESULT.RES_PARTICLE_SIZE_BASIS","RESULT","RES_PARTICLE_SIZE_BASIS",,,,,,,"FullPhysicalChemical",,,"ResultMeasure/ResultParticleSizeBasisText","ResultParticleSizeBasisText"
"Result Description","06.00.18.01","PrecisionValue","","WQX_DataQualityIndicator_v3.0.xsd",205,"WQX.RESULT.RES_MEASURE_PRECISION","RESULT","RES_MEASURE_PRECISION",,,,,,"FullBiological","FullPhysicalChemical",,,"DataQuality/PrecisionValue","PrecisionValue"
"Result Description","06.00.18.02","BiasValue","","WQX_DataQualityIndicator_v3.0.xsd",206,"WQX.RESULT.RES_MEASURE_BIAS","RESULT","RES_MEASURE_BIAS",,,,,,"FullBiological","FullPhysicalChemical",,,"DataQuality/BiasValue","BiasValue"
"Result Description","06.00.18.03","ConfidenceIntervalValue","","WQX_DataQualityIndicator_v3.0.xsd",207,"WQX.RESULT.RES_MEASURE_CONF_INTERVAL","RESULT","RES_MEASURE_CONF_INTERVAL",,,,,,"FullBiological","FullPhysicalChemical",,,"DataQuality/ConfidenceIntervalValue","ConfidenceIntervalValue"
"Result Description","06.00.18.04","UpperConfidenceLimitValue","","WQX_DataQualityIndicator_v3.0.xsd",208,"WQX.RESULT.RES_MEASURE_UPPER_CONF_LIMIT","RESULT","RES_MEASURE_UPPER_CONF_LIMIT",,,,,,"FullBiological","FullPhysicalChemical",,,"DataQuality/UpperConfidenceLimitValue","UpperConfidenceLimitValue"
"Result Description","06.00.18.05","LowerConfidenceLimitValue","","WQX_DataQualityIndicator_v3.0.xsd",209,"WQX.RESULT.RES_MEASURE_LOWER_CONF_LIMIT","RESULT","RES_MEASURE_LOWER_CONF_LIMIT",,,,,,"FullBiological","FullPhysicalChemical",,,"DataQuality/LowerConfidenceLimitValue","LowerConfidenceLimitValue"
"Result Description","06.00.19","ResultCommentText","","WQX_DataQualityIndicator_v3.0.xsd",210,"WQX.RESULT.RES_COMMENTS","RESULT","RES_COMMENTS",,,"BasicBiological","BasicPhysicalChemical",,"FullBiological","FullPhysicalChemical",,,"DataQuality/ResultCommentText","ResultCommentText"
"Result Detection Quantitation Limit","06.05.07.01","DetectionQuantitationLimitTypeName","","WQX_DetectionQuantitationLimit_v3.0.xsd",211,"WQX.DETECTION_QUANT_LIMIT_TYPE.DQLTYP_NAME (RESULT_DETECT_QUANT_LIMIT.DQLTYP_UID)","DETECTION_QUANT_LIMIT_TYPE","DQLTYP_NAME",,,"BasicBiological","BasicPhysicalChemical",,"FullBiological","FullPhysicalChemical","ResultDetectionQuantitationLimit",,"ResultDetectionQuantitationLimit/DetectionQuantitationLimitTypeName","DetectionQuantitationLimitTypeName"
"Result Detection Quantitation Limit","06.05.07.02.01","MeasureValue","","WQX_MeasureCompact_v3.0.xsd",212,"WQX.RESULT_DETECT_QUANT_LIMIT.RDQLMT_MEASURE","RESULT_DETECT_QUANT_LIMIT","RDQLMT_MEASURE",,,"BasicBiological","BasicPhysicalChemical",,"FullBiological","FullPhysicalChemical","ResultDetectionQuantitationLimit",,"DetectionQuantitationLimitMeasure/MeasureValue","DetectionQuantitationLimitMeasureValue"
"Result Detection Quantitation Limit","06.05.07.02.02","MeasureUnitCode","","WQX_MeasureCompact_v3.0.xsd",213,"WQX.MEASUREMENT_UNIT.MSUNT_CD (RESULT_DETECT_QUANT_LIMIT.MSUNT_UID)","MEASUREMENT_UNIT","MSUNT_CD",,,"BasicBiological","BasicPhysicalChemical",,"FullBiological","FullPhysicalChemical","ResultDetectionQuantitationLimit",,"DetectionQuantitationLimitMeasure/MeasureUnitCode","DetectionQuantitationLimitMeasureUnitCode"
"Result Detection Quantitation Limit","06.05.07.03","DetectionQuantitationLimitCommentText","","WQX_DetectionQuantitationLimit_v3.0.xsd",214,"WQX.RESULT_DETECT_QUANT_LIMIT.RDQLMT_COMMENT","RESULT_DETECT_QUANT_LIMIT","RDQLMT_COMMENT",,,,,,"FullBiological","FullPhysicalChemical","ResultDetectionQuantitationLimit",,"DetectionQuantitationLimitMeasure/DetectionQuantitationLimitCommentText","DetectionQuantitationLimitMeasureCommentText"
"Result LAB Info","06.05.08","LaboratorySampleSplitRatio","","WQX_ResultLabInformation_v3.0.xsd",215,"WQX.RESULT.RES_LAB_SAMPLE_SPLIT_RATIO","RESULT","RES_LAB_SAMPLE_SPLIT_RATIO",,,,,,"FullBiological","FullPhysicalChemical","ResultDetectionQuantitationLimit",,"DetectionQuantitationLimitMeasure/LaboratorySampleSplitRatio","LaboratorySampleSplitRatio"
"Result LAB Info","06.05.09","LaboratoryAccreditationIndicator","","WQX_ResultLabInformation_v3.0.xsd",216,"WQX.RESULT.RES_LAB_ACCRED_YN","RESULT","RES_LAB_ACCRED_YN",,,,,,"FullBiological","FullPhysicalChemical",,,"DetectionQuantitationLimitMeasure/LaboratoryAccreditationIndicator","LaboratoryAccreditationIndicator"
"Result LAB Info","06.05.10","LaboratoryAccreditationAuthorityName","","WQX_ResultLabInformation_v3.0.xsd",217,"WQX.RESULT.RES_LAB_ACCRED_AUTHORITY","RESULT","RES_LAB_ACCRED_AUTHORITY",,,,,,"FullBiological","FullPhysicalChemical",,,"DetectionQuantitationLimitMeasure/LaboratoryAccreditationAuthorityName","LaboratoryAccreditationAuthorityName"
"Result LAB Info","06.05.11","TaxonomistAccreditationIndicator","","WQX_ResultLabInformation_v3.0.xsd",218,"WQX.RESULT.RES_TAXONOMIST_ACCRED_YN","RESULT","RES_TAXONOMIST_ACCRED_YN",,,,,,"FullBiological","FullPhysicalChemical",,,"DetectionQuantitationLimitMeasure/TaxonomistAccreditationIndicator","TaxonomistAccreditationIndicator"
"Result LAB Info","06.05.12","TaxonomistAccreditationAuthorityName","","WQX_ResultLabInformation_v3.0.xsd",219,"WQX.RESULT.RES_TAXONOMIST_ACCRED_AUTHORTY","RESULT","RES_TAXONOMIST_ACCRED_AUTHORTY",,,,,,"FullBiological","FullPhysicalChemical",,,"DetectionQuantitationLimitMeasure/TaxonomistAccreditationAuthorityName","TaxonomistAccreditationAuthorityName"
"Result Analytical Method ","06.03.01","MethodIdentifier","","WQX_ResultAnalyticalMethod_v3.0.xsd",220,"WQX.ANALYTICAL_METHOD.ANLMTH_ID (RESULT.ANLMTH_UID)","ANALYTICAL_METHOD","ANLMTH_ID",,,"BasicBiological","BasicPhysicalChemical",,"FullBiological","FullPhysicalChemical",,,"ResultAnalyticalMethod/MethodIdentifier","ResultAnalyticalMethodIdentifier"
"Result Analytical Method ","06.03.02","MethodIdentifierContext","","WQX_ResultAnalyticalMethod_v3.0.xsd",221,"WQX.ANALYTICAL_METHOD_CONTEXT.AMCTX_CD (ANALYTICAL_METHOD.AMCTX_UID)","ANALYTICAL_METHOD_CONTEXT","AMCTX_CD",,,"BasicBiological","BasicPhysicalChemical",,"FullBiological","FullPhysicalChemical",,,"ResultAnalyticalMethod/MethodIdentifierContext","ResultAnalyticalMethodIdentifierContext"
"Result Analytical Method ","06.03.03","MethodName","","WQX_ResultAnalyticalMethod_v3.0.xsd",222,"WQX.ANALYTICAL_METHOD.ANLMTH_NAME (RESULT.ANLMTH_UID)","ANALYTICAL_METHOD","ANLMTH_NAME",,,"BasicBiological","BasicPhysicalChemical",,"FullBiological","FullPhysicalChemical",,,"ResultAnalyticalMethod/MethodName","ResultAnalyticalMethodName"
"Result Analytical Method ","06.03.04","MethodQualifierTypeName","","WQX_ResultAnalyticalMethod_v3.0.xsd",223,"WQX.ANALYTICAL_METHOD.ANLMTH_QUAL_TYPE (RESULT.ANLMTH_UID)","ANALYTICAL_METHOD","ANLMTH_QUAL_TYPE",,,"BasicBiological","BasicPhysicalChemical",,"FullBiological","FullPhysicalChemical",,,"ResultAnalyticalMethod/MethodQualifierTypeName","ResultAnalyticalMethodQualifierTypeName"
"Result Analytical Method ","06.03.05","MethodDescriptionText","","WQX_ResultAnalyticalMethod_v3.0.xsd",224,"WQX.ANALYTICAL_METHOD.ANLMTH_DESC (RESULT.ANLMTH_UID)","ANALYTICAL_METHOD","ANLMTH_DESC",,,,,,"FullBiological","FullPhysicalChemical",,,"ResultAnalyticalMethod/MethodDescriptionText","ResultAnalyticalMethodDescriptionText"
"Result Analytical Comparable Method ","06.04.01","MethodIdentifier","","WQX_ComparableAnalyticalMethod_v3.0.xsd",225,"WQX.ANALYTICAL_METHOD.ANLMTH_ID (RESULT.ANLMTH_UID_COMPARABLE)","ANALYTICAL_METHOD","ANLMTH_ID",,,,,,"FullBiological","FullPhysicalChemical",,,"ComparableAnalyticalMethod/MethodIdentifier","ComparableAnalyticalMethodIdentifier"
"Result Analytical Comparable Method ","06.04.02","MethodIdentifierContext","","WQX_ComparableAnalyticalMethod_v3.0.xsd",226,"WQX.ANALYTICAL_METHOD_CONTEXT.AMCTX_CD (ANALYTICAL_METHOD.AMCTX_UID)","ANALYTICAL_METHOD_CONTEXT","AMCTX_CD",,,,,,"FullBiological","FullPhysicalChemical",,,"ComparableAnalyticalMethod/MethodIdentifierContext","ComparableAnalyticalMethodIdentifierContext"
"Result Analytical Comparable Method ","06.04.03","MethodModificationText","","WQX_ComparableAnalyticalMethod_v3.0.xsd",227,"WQX.RESULT.RES_ANLMTH_COMPARE_MODIFICATN","RESULT","RES_ANLMTH_COMPARE_MODIFICATN",,,,,,"FullBiological","FullPhysicalChemical",,,"ComparableAnalyticalMethod/MethodModificationText","ComparableAnalyticalMethodModificationText"
"Result LAB Info","06.05.01","LaboratoryName","","WQX_ResultLabInformation_v3.0.xsd",228,"WQX.RESULT.RES_LAB_NAME","RESULT","RES_LAB_NAME",,,,,,"FullBiological","FullPhysicalChemical",,,"ResultLabInformation/LaboratoryName","LaboratoryName"
"Result LAB Info","06.05.02","AnalysisStartDate","","WQX_ResultLabInformation_v3.0.xsd",229,"WQX.RESULT.RES_LAB_ANALYSIS_START_DATE","RESULT","RES_LAB_ANALYSIS_START_DATE",,,,,,"FullBiological","FullPhysicalChemical",,,"ResultLabInformation/AnalysisStartDate","AnalysisStartDate"
"Result LAB Info","06.05.03.01","Time","","WQX_WQXTime_v3.0.xsd",230,"WQX.RESULT.RES_LAB_ANALYSIS_START_TIME","RESULT","RES_LAB_ANALYSIS_START_TIME",,,,,,"FullBiological","FullPhysicalChemical",,,"AnalysisStartTime/Time","AnalysisStartTime"
"Result LAB Info","06.05.03.02","TimeZoneCode","","WQX_WQXTime_v3.0.xsd",231,"WQX.TIME_ZONE.TMZONE_CD (RESULT.TMZONE_UID_LAB_ANALYSIS_START)","TIME_ZONE","TMZONE_CD",,,,,,"FullBiological","FullPhysicalChemical",,,"AnalysisStartTime/TimeZoneCode","AnalysisStartTimeZoneCode"
"Result LAB Info","06.05.04","AnalysisEndDate","","WQX_ResultLabInformation_v3.0.xsd",232,"WQX.RESULT.RES_LAB_ANALYSIS_END_DATE","RESULT","RES_LAB_ANALYSIS_END_DATE",,,,,,"FullBiological","FullPhysicalChemical",,,"AnalysisStartTime/AnalysisEndDate","AnalysisEndDate"
"Result LAB Info","06.05.05.01","Time","","WQX_WQXTime_v3.0.xsd",233,"WQX.RESULT.RES_LAB_ANALYSIS_END_TIME","RESULT","RES_LAB_ANALYSIS_END_TIME",,,,,,"FullBiological","FullPhysicalChemical",,,"AnalysisEndTime/Time","AnalysisEndTime"
"Result LAB Info","06.05.05.02","TimeZoneCode","","WQX_WQXTime_v3.0.xsd",234,"WQX.TIME_ZONE.TMZONE_CD (RESULT.TMZONE_UID_LAB_ANALYSIS_END)","TIME_ZONE","TMZONE_CD",,,,,,"FullBiological","FullPhysicalChemical",,,"AnalysisEndTime/TimeZoneCode","AnalysisEndTimeZoneCode"
"Result LAB Info","06.05.06","LaboratoryCommentText","","WQX_ResultLabInformation_v3.0.xsd",235,"WQX.RESULT.RES_LABORATORY_COMMENT","RESULT","RES_LABORATORY_COMMENT",,,,"BasicPhysicalChemical",,"FullBiological","FullPhysicalChemical",,,"AnalysisEndTime/LaboratoryCommentText","LaboratoryCommentText"
"LAB Sample Prep","06.06.01.01","MethodIdentifier","","WQX_ReferenceMethod_v3.0.xsd",236,"WQX.RESULT_LAB_SAMPLE_PREP.RLSPRP_METHOD_ID (RESULT.RES_UID)","RESULT_LAB_SAMPLE_PREP","RLSPRP_METHOD_ID",,,"BasicBiological","BasicPhysicalChemical",,"FullBiological","FullPhysicalChemical",,,"LabSamplePreparationMethod/MethodIdentifier","LabSamplePreparationMethodIdentifier"
"LAB Sample Prep","06.06.01.02","MethodIdentifierContext","","WQX_ReferenceMethod_v3.0.xsd",237,"WQX.RESULT_LAB_SAMPLE_PREP.RLSPRP_METHOD_CONTEXT (RESULT.RES_UID)","RESULT_LAB_SAMPLE_PREP","RLSPRP_METHOD_CONTEXT",,,"BasicBiological","BasicPhysicalChemical",,"FullBiological","FullPhysicalChemical",,,"LabSamplePreparationMethod/MethodIdentifierContext","LabSamplePreparationMethodIdentifierContext"
"LAB Sample Prep","06.06.01.03","MethodName","","WQX_ReferenceMethod_v3.0.xsd",238,"WQX.RESULT_LAB_SAMPLE_PREP.RLSPRP_METHOD_NAME (RESULT.RES_UID)","RESULT_LAB_SAMPLE_PREP","RLSPRP_METHOD_NAME",,,,"BasicPhysicalChemical",,"FullBiological","FullPhysicalChemical",,,"LabSamplePreparationMethod/MethodName","LabSamplePreparationMethodName"
"LAB Sample Prep","06.06.01.04","MethodQualifierTypeName","","WQX_ReferenceMethod_v3.0.xsd",239,"WQX.RESULT_LAB_SAMPLE_PREP.RLSPRP_METHOD_QUAL_TYPE (RESULT.RES_UID)","RESULT_LAB_SAMPLE_PREP","RLSPRP_METHOD_QUAL_TYPE",,,,,,"FullBiological","FullPhysicalChemical",,,"LabSamplePreparationMethod/MethodQualifierTypeName","LabSamplePreparationMethodQualifierTypeName"
"LAB Sample Prep","06.06.01.05","MethodDescriptionText","","WQX_ReferenceMethod_v3.0.xsd",240,"WQX.RESULT_LAB_SAMPLE_PREP.RLSPRP_METHOD_DESC (RESULT.RES_UID)","RESULT_LAB_SAMPLE_PREP","RLSPRP_METHOD_DESC",,,,,,"FullBiological","FullPhysicalChemical",,,"LabSamplePreparationMethod/MethodDescriptionText","LabSamplePreparationMethodDescriptionText"
"LAB Sample Prep","06.06.02","PreparationStartDate","","WQX_LabSamplePreparation_v3.0.xsd",241,"WQX.RESULT_LAB_SAMPLE_PREP.RLSPRP_START_DATE (RESULT.RES_UID)","RESULT_LAB_SAMPLE_PREP","RLSPRP_START_DATE",,,,,,"FullBiological","FullPhysicalChemical",,,"LabSamplePreparationMethod/PreparationStartDate","PreparationStartDate"
"LAB Sample Prep","06.06.03.01","Time","","WQX_WQXTime_v3.0.xsd",242,"WQX.RESULT_LAB_SAMPLE_PREP.RLSPRP_START_TIME (RESULT.RES_UID)","RESULT_LAB_SAMPLE_PREP","RLSPRP_START_TIME",,,,,,"FullBiological","FullPhysicalChemical",,,"PreparationStartTime/Time","PreparationStartTime"
"LAB Sample Prep","06.06.03.02","TimeZoneCode","","WQX_WQXTime_v3.0.xsd",243,"WQX.TIME_ZONE.TMZONE_CD (RESULT_LAB_SAMPLE_PREP.TMZONE_UID_START_TIME)","TIME_ZONE","TMZONE_CD",,,,,,"FullBiological","FullPhysicalChemical",,,"PreparationStartTime/TimeZoneCode","PreparationStartTimeZoneCode"
"LAB Sample Prep","06.06.04","PreparationEndDate","","WQX_LabSamplePreparation_v3.0.xsd",244,"WQX.RESULT_LAB_SAMPLE_PREP.RLSPRP_END_DATE (RESULT.RES_UID)","RESULT_LAB_SAMPLE_PREP","RLSPRP_END_DATE",,,,,,"FullBiological","FullPhysicalChemical",,,"PreparationStartTime/PreparationEndDate","PreparationEndDate"
"LAB Sample Prep","06.06.05.01","Time","","WQX_WQXTime_v3.0.xsd",245,"WQX.RESULT_LAB_SAMPLE_PREP.RLSPRP_END_TIME (RESULT.RES_UID)","RESULT_LAB_SAMPLE_PREP","RLSPRP_END_TIME",,,,,,"FullBiological","FullPhysicalChemical",,,"PreparationEndTime/Time","PreparationEndTime"
"LAB Sample Prep","06.06.05.02","TimeZoneCode","","WQX_WQXTime_v3.0.xsd",246,"WQX.TIME_ZONE.TMZONE_CD (RESULT_LAB_SAMPLE_PREP.TMZONE_UID_END_TIME)","TIME_ZONE","TMZONE_CD",,,,,,"FullBiological","FullPhysicalChemical",,,"PreparationEndTime/TimeZoneCode","PreparationEndTimeZoneCode"
"LAB Sample Prep","06.06.06","SubstanceDilutionFactor","","WQX_LabSamplePreparation_v3.0.xsd",247,"WQX.RESULT_LAB_SAMPLE_PREP.RLSPRP_DILUTION_FACTOR (RESULT.RES_UID)","RESULT_LAB_SAMPLE_PREP","RLSPRP_DILUTION_FACTOR",,,,,,"FullBiological","FullPhysicalChemical",,,"PreparationEndTime/SubstanceDilutionFactor","SubstanceDilutionFactor"
"Result Binary Object","06.02.01","BinaryObjectFileName","","WQX_AttachedBinaryObject_v3.0.xsd",248,"WQX.ATTACHED_OBJECT.ATOBJ_FILE_NAME","ATTACHED_OBJECT","ATOBJ_FILE_NAME",,,,,,"FullBiological","FullPhysicalChemical",,,"AttachedBinaryObject/BinaryObjectFileName","ResultAttachedBinaryObjectFileName"
"Result Binary Object","06.02.02","BinaryObjectFileTypeCode","","WQX_AttachedBinaryObject_v3.0.xsd",249,"WQX.ATTACHED_OBJECT.ATOBJ_TYPE","ATTACHED_OBJECT","ATOBJ_TYPE",,,,,,"FullBiological","FullPhysicalChemical",,,"AttachedBinaryObject/BinaryObjectFileTypeCode","ResultAttachedBinaryObjectFileTypeCode"
,"99.01outbounda","ProviderName",,,250,,,,,"ActivityMetric","BasicBiological","BasicPhysicalChemical","BiologicalHabitatIndex","FullBiological","FullPhysicalChemical","ResultDetectionQuantitationLimit","SamplingActivity","ProviderName","ProviderName"
,"99.01outboundb","CharacteristicComparableName",,,251,,,,,,,,,,"FullPhysicalChemical",,,"CharacteristicComparableName","CharacteristicComparableName"
,"99.01outboundc","CharacteristicType",,,252,,,,,,,,,,"FullPhysicalChemical",,,"CharacteristicType","CharacteristicType"
,"99.01outboundd","OrganizationType",,,253,,,,,,,,,,"FullPhysicalChemical",,,"OrganizationType","OrganizationType"
